상호,주소,별점,메뉴
그랜드워커힐서울,서울 광진구 워커힐로 177,4.3,"룸타입 [Tidesquare] 디럭스 더블 산전망 (366,630원~), 룸타입 [Tidesquare] 디럭스 트윈 산전망 (366,630원~), 룸타입 [Tidesquare] 디럭스 더블 강전망 (415,030원~), 룸타입 [Tidesquare] 디럭스 트윈 강전망 (415,030원~)"
비스타워커힐서울,서울 광진구 워커힐로 177,4.3,"룸타입 [Tidesquare] 디럭스 더블 산전망 (398,090원~), 룸타입 [Tidesquare] 디럭스 트윈 산전망 (398,090원~), 룸타입 [Tidesquare] 디럭스 더블 강전망 (446,490원~), 룸타입 [Tidesquare] 디럭스 트윈 강전망 (446,490원~)"
더클래식500 펜타즈호텔,서울 광진구 능동로 90,3.3,
H에비뉴호텔 건대점,서울 광진구 동일로 156,2.6,"룸타입 스탠다드 더블(2인실ㅣ개인NETFLIX시청가능ㅣ1대무료주차) (80,000원~), 룸타입 디럭스 더블(2인실욕조룸ㅣ개인NETFLIX시청가능ㅣ1대무료주차) (90,000원~), 룸타입 특가★ 바우처 패키지(1만원바우처지류+레이트체크아웃) (90,000원~), 룸타입 프리미어 더블(욕조룸ㅣ고층뷰ㅣ개인NETFLIX시청가능ㅣ1대 무료주차) (100,000원~), 룸타입 럭키 패키지(럭키드로우선물(와인,디퓨저,입욕제,차량방향제,샴페인등)+레이트체크아웃) (110,000원~), 룸타입 특가★ 브런치 패키지(콥샐러드+156프렌치토스트+음료2잔+레이트체크아웃) (120,000원~), 룸타입 비즈니스 트윈(트윈2인실ㅣ개인NETFLIX시청가능ㅣ1대무료주차) (120,000원~), 룸타입 특가★ 치맥 패키지(순살치킨500g(3가지 맛 중 택 2)+생맥주2잔+레이트체크아웃) (120,000원~), 룸타입 특가★ 인 룸 Bar 패키지(치즈플레터+C156위스키1바틀(300ml)+레이트체크아웃) (120,000원~), 룸타입 특가★ 데이트 패키지(파스타2종+하이볼2잔+레이트체크아웃) (130,000원~), 룸타입 특가★ 주당 패키지(스테이크샐러드+위스키,사케,소주,맥주,칵테일주류무한리필+레이트체크아웃) (135,000원~), 룸타입 특가★ 힐링 패키지(조각케이크1개+레드와인1병+초+레이트체크아웃) (140,000원~), 룸타입 파티 에비뉴(4인실ㅣ개인NETFLIX시청가능ㅣ보드게임ㅣ1대무료주차) (150,000원~), 룸타입 특가★ 인 룸 다이닝 패키지(등심스테이크+샴페인1병+레이트체크아웃) (175,000원~), 룸타입 특가★ 바비큐 디너 패키지(로스트치킨+폭립/맥주,레드와인,화이트와인3종무제한+레이트체크아웃) (186,000원~)"
호텔더디자이너스프리미어 성수&건대,서울 광진구 동일로 172,2.5,"룸타입 디럭스 트윈 (89,600원~), 룸타입 디럭스 더블 (89,600원~), 룸타입 디럭스 시티뷰 (100,800원~), 룸타입 스위트 (112,000원~), 룸타입 디자이너스 스위트 (123,200원~), 룸타입 레이트체크아웃 (134,400원~), 룸타입 로얄 스위트 (168,000원~)"
부티크나인호텔,서울 광진구 천호대로 560,3.5,"룸타입 DELUXE (70,000원~), 룸타입 ORIENTAL SUITE (80,000원~), 룸타입 CUSTOMIZED SUITE (80,000원~), 룸타입 WESTERN SUITE (80,000원~), 룸타입 FUNNY SUITE (100,000원~), 룸타입 SPORTS SUITE (100,000원~), 룸타입 WESTERN V.I.P SUITE (100,000원~), 룸타입 COUPLE PC SUITE (100,000원~), 룸타입 TERRACE SUITE(욕조 없음) (100,000원~), 룸타입 SPA SUITE (130,000원~), 룸타입 BILLARD SUITE (130,000원~)"
나무호텔,서울 광진구 아차산로76가길 12,4.1,
호텔더디자이너스 건대점,서울 광진구 천호대로 521 지하3층~9층,3.3,"룸타입 Standard Double (70,000원~), 룸타입 Deluxe Twin Western (80,000원~), 룸타입 Deluxe Double (80,000원~), 룸타입 Premier Double (90,000원~), 룸타입 Premier Twin (90,000원~), 룸타입 Deluxe Double-연박전용 (90,000원~), 룸타입 Suite (120,000원~), 룸타입 Suite-연박전용 (140,000원~)"
호텔케이월드,서울 광진구 동일로 90,3.2,"룸타입 레이트체크인 할인 - 랜덤배정(이벤트) (70,000원~), 룸타입 DELUXE DOUBLE (80,000원~), 룸타입 DELUXE TWIN (90,000원~), 룸타입 PREMIUM DOUBLE (90,000원~), 룸타입 PREMIUM TWIN (100,000원~), 룸타입 얼리체크인 - 랜덤배정 (100,000원~), 룸타입 디럭스-연박전용 (120,000원~), 룸타입 PREMIUM TWIN-연박전용 (140,000원~), 룸타입 SUITE (150,000원~)"
그랜드워커힐서울 더글라스하우스,서울 광진구 워커힐로 177,3.9,
샐몬모텔,서울 광진구 동일로 367,2.8,"룸타입 Deluxe 숙박 - 도보전용 (61,600원~), 룸타입 Deluxe (67,200원~), 룸타입 Deluxe 숙박 - 도보전용(주차불가,객실랜덤배정,모든 OTT 무료시청,75""TV) (55,000원~), 룸타입 Deluxe(객실랜덤배정 ,모든 OTT 무료시청,75""TV) (60,000원~), 룸타입 고사양 PC 게이밍룸 (72,800원~), 룸타입 Suite (72,800원~), 룸타입 고사양 커플PC 게이밍룸 (78,400원~), 룸타입 Suite(객실랜덤배정,모든 OTT 무료시청,75""TV) (65,000원~), 룸타입 고사양 PC게이밍룸(객실랜덤배정 ,모든 OTT 무료시청,75""TV) (65,000원~), 룸타입 고사양 커플PC게이밍룸(객실랜덤배정 ,모든 OTT 무료시청,75""TV) (70,000원~), 룸타입 Deluxe - 연박전용(객실랜덤배정,모든 OTT 무료시청,75""TV) (80,000원)"
호텔동서울,서울 광진구 구의강변로 38,2.0,
피넛호텔,서울 광진구 자양로 63,2.7,"룸타입 스탠다드 (45,000원~), 룸타입 스탠다드 - 연박전용 (47,000원~), 룸타입 얼리 체크인 (50,000원~), 룸타입 글램핑룸 (100,000원~)"
모텔코지,서울 광진구 용마산로 24,5.0,"룸타입 일반실((도보전용)) (45,000원~), 룸타입 준특실((도보전용)) (50,000원~)"
위시앤스테이모텔,서울 광진구 광나루로 594,3.7,"룸타입 Standard (65,000원~)"
대하모텔,서울 광진구 아차산로 583,2.6,"룸타입 일반실 (60,000원), 룸타입 특실 (70,000원)"
호텔컬리넌 2 건대,서울 광진구 동일로 214,2.5,
월호텔 아차산역,서울 광진구 천호대로138길 4,2.0,"룸타입 Standard(대형TV, 넷플릭스 이용가능(개인계정)) (55,000원~), 룸타입 Premium(대형TV, 넷플릭스 이용가능(개인계정)) (60,000원~), 룸타입 VIP(대형TV, 넷플릭스 이용가능(개인계정)) (70,000원~)"
티아라모텔,서울 광진구 동일로30길 17,2.4,"룸타입 스탠다드(넷플릭스 가능) (45,000원~), 룸타입 디럭스(넷플릭스 가능) (53,000원~)"
파인힐모텔,서울 광진구 용마산로 192,4.5,
시마모텔,서울 광진구 아차산로26길 39,1.6,"룸타입 일반실(전객실 넷플릭스 설치) (80,000원)"
뮤즈모텔,서울 광진구 아차산로 377,3.0,"룸타입 Standard (40,000원~), 룸타입 Premier (70,000원~), 룸타입 Suite (100,000원~)"
호텔테마,서울 광진구 광나루로14길 5,1.6,"룸타입 STANDARD ROOM 주차불가(디즈니플러스,티빙,웨이브,애플TV 이용가능) (50,000원~), 룸타입 CINEMA ROOM(디즈니플러스,티빙,웨이브,애플TV 이용가능) (55,000원~), 룸타입 STANDARD ROOM(디즈니플러스,티빙,웨이브,애플TV 이용가능) (55,000원~), 룸타입 COUPLE PC ROOM(디즈니플러스,티빙,웨이브,애플TV 이용가능) (55,000원~), 룸타입 STANDARD ROOM(빠른입실, 디즈니플러스,티빙,웨이브,애플TV 이용가능) (70,000원~)"
넘버25호텔 중곡점,서울 광진구 능동로 363,5.0,"룸타입 STANDARD A 주차불가(넷플릭스 시청가능) (50,000원~), 룸타입 STANDARD A(넷플릭스 시청가능) (50,000원~), 룸타입 STANDARD B 주차불가(넷플릭스 시청가능) (60,000원~), 룸타입 STANDARD B(넷플릭스 시청가능) (70,000원~), 룸타입 STANDARD C(넷플릭스 시청가능) (80,000원~), 룸타입 STANDARD C 주차불가(넷플릭스 시청가능) (80,000원~), 룸타입 종일숙박(24시간, 넷플릭스 시청가능) (80,000원~), 룸타입 늦잠숙박(늦은 퇴실, 넷플릭스 시청가능) (80,000원~), 룸타입 얼리체크인(빠른 입실, 넷플릭스 시청가능) (80,000원~), 룸타입 반나절 호캉스(넷플릭스 시청가능) (80,000원~)"
에스스테이(S-Stay),서울 광진구 아차산로33길 67-4,4.0,
어린이대공원 숲속캠핑체험장,서울 광진구 능동로 216,5.0,
그랜드모텔,서울 광진구 동일로 148,1.0,"룸타입 일반실(금, 토요일 주차불가/넷플릭스 가능/PC불가) (50,000원~), 룸타입 준특실(금, 토요일 주차불가/넷플릭스 가능/PC불가) (55,000원~), 룸타입 일반실 -리모델링 (55,000원~), 룸타입 특실 (60,000원~)"
박스호텔,서울 광진구 아차산로 465,1.6,"룸타입 Standard B(도보전용/넷플릭스(개인 계정)) (50,000원~), 룸타입 Standard A(주차가능/넷플릭스(개인 계정)) (55,000원~), 룸타입 Standard Plus-특실(주차가능/넷플릭스(계정 제공),욕조, 비데) (60,000원~), 룸타입 Daily Room(넷플릭스(개인 계정)) (70,000원~)"
아미가,서울 광진구 면목로 33,1.0,"룸타입 일반실(넷플릭스 시청가능/주차불가/3인이상 혼숙불가) (50,000원~), 룸타입 일반실((욕조)넷플릭스 시청가능/주차불가/3인이상 혼숙불가) (55,000원~), 룸타입 특실(넷플릭스 시청가능/주차불가/3인이상 혼숙불가) (60,000원)"
한강여름캠핑장 뚝섬캠핑장,서울 광진구 자양동 427-12,5.0,
라마모텔,서울 광진구 면목로 183-1,2.8,"룸타입 일반실(OTT 사용가능) (40,000원~)"
문모텔,서울 광진구 동일로 440,1.5,
폼모텔,서울 광진구 아차산로 389,2.2,"룸타입 일반실 - 도보전용(NETFLIX 무료 이용가능,주차불가) (45,000원~), 룸타입 준특실(NETFLIX 무료 이용가능) (55,000원~)"
초원모텔,서울 광진구 동일로22길 28,1.1,"룸타입 일반실(FREE WIFI) (50,000원~)"
모텔골드,서울 광진구 아차산로 385,1.5,"룸타입 스탠다드(OTT-5종 무료 시청 가능) (45,000원~), 룸타입 디럭스(pc,욕조, OTT-5종 무료 시청 가능) (55,000원~)"
헤라모텔,서울 광진구 동일로 335,0.0,"룸타입 특실 (50,000원~), 룸타입 일반실 (50,000원~)"
휘모텔,서울 광진구 능동로 323,1.0,"룸타입 일반실 (55,000원~), 룸타입 일반실(욕조) (55,000원~), 룸타입 일반실(PC) (55,000원~)"
Q모텔,서울 광진구 동일로 168,2.3,"룸타입 일반(넷플릭스 무료 시청가능) (45,000원~), 룸타입 특실(넷플릭스 무료 시청가능) (45,000원~)"
유토피아모텔,서울 광진구 자양로 226,1.0,
프롬에이치쏘타스테이 건대점,서울 광진구 동일로 212,1.0,
펜타즈호텔,서울 광진구 능동로 90,5.0,
프린스모텔,서울 광진구 광나루로12길 12,0.0,"룸타입 일반실 (45,000원~)"
영빈장,서울 광진구 용마산로1길 11,0.0,
루나게스트하우스,서울 광진구 동일로 170-10 2층,3.8,"룸타입 일반실(객실 타입 랜덤 배정) (40,000원~), 룸타입 2인실(이층침대)(객실 타입 랜덤 배정) (44,000원~)"
플라워모텔,서울 광진구 광나루로14길 20,3.0,
모텔프리마,서울 광진구 동일로30길 42,1.0,
이화장여관,서울 광진구 용마산로 17-1,1.0,
포레스트파크,서울 광진구 워커힐로 177,0.0,
은성모텔,"서울 광진구 자양번영로 31 2,3층",1.0,"룸타입 특실 (40,000원~)"
그랜드워커힐 포레스트파크,서울 광진구 워커힐로 177,0.0,
리버사이드게스트하우스,서울 광진구 뚝섬로 702-4,5.0,
은하모텔,서울 광진구 능동로19길 53,0.0,"룸타입 일반실 (45,000원~), 룸타입 트윈룸 (60,000원~)"
스테이엘,서울 광진구 아차산로 411-1,0.0,
동서여관,서울 광진구 면목로 109-1,0.0,
헤나모텔,서울 광진구 용마산로 19,0.0,
스테이42,서울 광진구 광장로 89 2층,5.0,
브릭핸즈 건대점,서울 광진구 능동로16길 50-7,0.0,
유토피아,서울 광진구 자양로 266,0.0,
M모텔,서울 광진구 광나루로14길 18,0.0,
투모텔,서울 광진구 능동로35길 37,5.0,
AB게스트하우스,서울 광진구 천호대로 798-12,0.0,
호스텔온기,서울 광진구 광나루로 354 2층,5.0,
그랜드워커힐서울 펄빌라,서울 광진구 워커힐로 177,0.0,
영동모텔,"서울 광진구 동일로 36 2,3층",0.0,"룸타입 일반실 (50,000원~)"
엠칼라스,서울 광진구 천호대로 679,2.5,
Q모텔,서울 광진구 천호대로 546,1.0,
타이거하우스,서울 광진구 광나루로19길 57,5.0,
구의역고시원심플원룸텔,서울 광진구 아차산로 387,0.0,
호텔리오,서울 광진구 동일로 34,0.0,
화후당,서울 광진구 긴고랑로9길 51-4 2층,0.0,
휴스테이,서울 광진구 동일로22길 25,5.0,
레지던스수,서울 광진구 광나루로 364,0.0,
목화장 여관,서울 광진구 능동로 325,0.0,
정모텔,서울 광진구 면목로 204,1.0,
랑데뷰모텔,서울 광진구 면목로 198,0.0,
부림장여관,서울 광진구 긴고랑로7길 7,0.0,
더글라스클럽,서울 광진구 워커힐로 177,2.0,
호림장여관,서울 광진구 능동로17길 55,0.0,
스타킹모텔,서울 광진구 동일로30길 15,0.0,
서울장여관,서울 광진구 긴고랑로 90,0.0,
로즈파크,서울 광진구 아차산로78가길 42-1,0.0,
그루레지던스,서울 광진구 아차산로 352,0.0,
황금장여관,서울 광진구 광나루로 517-5,0.0,
위드모텔,서울 광진구 동일로 296,0.0,
신선장여관,서울 광진구 동일로 172-9,0.0,
리버모텔,서울 광진구 능동로35길 37,0.0,
대림장여관,서울 광진구 광나루로12길 16,0.0,
뉴서울장여관,서울 광진구 능동로19길 7-1,0.0,
이삭고시원,서울 광진구 능동로19길 36,0.0,
귀빈장모텔,서울 광진구 용마산로 17,0.0,
영화여관,서울 광진구 동일로4길 2,0.0,
영동장,서울 광진구 동일로 36,0.0,
주식회사 인장매니지먼트,서울 광진구 아차산로 401-14,0.0,
마이하우스,서울 광진구 아차산로22길 38 202호,0.0,
동명여관,서울 광진구 능동로51길 44-7,0.0,
뉴스타모텔,서울 광진구 동일로 168,0.0,
사파이어빌라,서울 광진구 워커힐로 177,0.0,
황금장,서울 광진구 동일로 296,0.0,
애플,서울 광진구 능동로35길 41,0.0,
대성장여관,서울 광진구 동일로 148,0.0,
황금모텔,서울 광진구 광나루로 517-5,0.0,
아늑스페이스,서울 광진구 자양로44나길 17,0.0,
스테이소담,서울 광진구 능동로4길 73,0.0,
힐스하우스,서울 광진구 능동로 145,0.0,
수림장여관,서울 광진구 동일로30길 42,0.0,
자양토박이네,서울 광진구 자양번영로7길 16-7,0.0,
어웨이스파,서울 광진구 워커힐로 177,0.0,
천일장여관,서울 광진구 긴고랑로9길 27,0.0,
휴호스텔,서울 광진구 자양로18길 26,0.0,
샤인빌 고시텔,서울 광진구 능동로16길 33,0.0,
파티룸네모 2호점,서울 광진구 능동로 137-3 402호,0.0,
해피데이패밀리 게스트하우스,서울 광진구 뚝섬로34길 25-19 현대홈타운10차아파트 1004동 402호,0.0,
티(T)리더투어,서울 광진구 강변역로4길 68,0.0,
궁전장여관,서울 광진구 동일로30길 17,0.0,
G20비즈니스서밋,서울 광진구 워커힐로 177,0.0,
이모네하우스,서울 광진구 자양로15길 108,0.0,
파랑새 하우스(BLUEBIRD HOUSE),서울 광진구 동일로26길 33,0.0,
일플러스일,서울 광진구 뚝섬로36가길 15,0.0,
중곡여관,서울 광진구 용마산로7길 6,0.0,
몰디브,서울 광진구 동일로30길 16,0.0,
호텔 드가자,서울 성동구 동일로 217 건대 드가자,2.9,"룸타입 미니룸 도보전용(넷플릭스 시청가능 / 공기청정기) (40,000원~), 룸타입 STANDARD 스탠다드(넷플릭스 시청가능 /공기청정기) (45,000원~), 룸타입 STANDARD 스탠다드 도보 전용(넷플릭스 시청가능  /공기청정기) (45,000원~), 룸타입 PREMIUM 프리미엄(넷플릭스 시청가능 /공기청정기) (50,000원~), 룸타입 ROYAL PREMIUM 로얄 프리미엄(넷플릭스 시청가능 /공기청정기) (55,000원~), 룸타입 ROYAL PREMIUM 로얄 프리미엄(무한대실 / 빠른입실 / 넷플릭스 시청가능 /공기청정기) (70,000원~)"
롯데호텔 월드,서울 송파구 올림픽로 240,3.9,"룸타입 디럭스 더블 (333,360원~), 룸타입 디럭스 트윈 (333,360원~), 룸타입 레지덴셜 디럭스 더블 (333,360원~), 룸타입 레지덴셜 디럭스 트윈 (333,360원~), 룸타입 디럭스 패밀리 트윈 (390,830원~), 룸타입 디럭스 패밀리 트윈 (411,400원~), 룸타입 디럭스 패밀리 트윈 (459,800원~), 룸타입 디럭스 패밀리 트윈 (520,300원~), 룸타입 레지덴셜 디럭스 패밀리 트윈 (390,830원~), 룸타입 레지덴셜 디럭스 패밀리 트윈 (411,400원~), 룸타입 레지덴셜 디럭스 패밀리 트윈 (459,800원~), 룸타입 레지덴셜 디럭스 패밀리 트윈 (520,300원~), 룸타입 레지덴셜 디럭스 더블더블 (425,890원~), 룸타입 레지덴셜 디럭스 더블더블 (448,310원~), 룸타입 레지덴셜 디럭스 더블더블 (471,900원~), 룸타입 레지덴셜 디럭스 더블더블 (568,700원~), 룸타입 레지덴셜 디럭스 더블더블 (653,400원~), 룸타입 레지덴셜 디럭스 더블더블 (713,900원~), 룸타입 디럭스 with 소파베드 (448,310원~), 룸타입 디럭스 with 소파베드 (471,900원~), 룸타입 디럭스 with 소파베드 (580,800원~), 룸타입 클럽 디럭스 더블 (482,790원~), 룸타입 클럽 디럭스 더블 (508,200원~), 룸타입 클럽 디럭스 트윈 (482,790원~), 룸타입 클럽 디럭스 트윈 (508,200원~), 룸타입 카카오프렌즈 패밀리 트윈 (482,790원~), 룸타입 카카오프렌즈 패밀리 트윈 (508,200원~), 룸타입 카카오프렌즈 패밀리 트윈 (617,100원~), 룸타입 브레드이발소 패밀리 트윈 (482,790원~), 룸타입 브레드이발소 패밀리 트윈 (508,200원~)"
라스테이,서울 성동구 송정6길 19-1,,"룸타입 스탠다드-유료주차(도보전용) (55,000원~), 룸타입 디럭스(주차 사전문의) (60,000원~), 룸타입 디럭스 트윈(주차 사전문의) (60,000원~), 룸타입 스위트룸(주차 사전문의) (90,000원~)"
호텔쁠랑 건대점,서울 성동구 동일로 219,1.7,"룸타입 쁘띠-도보전용(65인치LEDTV,게이밍PC,대형스파or욕조,공기살균기) (50,000원~), 룸타입 쁠랑(65인치LEDTV,게이밍PC,대형스파or욕조,공기살균기) (60,000원~), 룸타입 쁠랑 커플PC(65인치LEDTV,게이밍커플PC,대형스파or욕조,공기살균기) (70,000원~), 룸타입 특실 거울룸(65인치 LED TV,게이밍PC,욕조,공기살균기) (80,000원~), 룸타입 특실 홀리데이(65인치LEDTV,게이밍커플PC,대형스파,공기살균기) (90,000원~), 룸타입 특실 쁠랑스위트(65인치LEDTV)(복층,포켓볼,게이밍커플pc,욕조) (90,000원~), 룸타입 특실 포들럭(65인치LEDTV,노래방,게이밍커플 PC,공기살균기) (100,000원~), 룸타입 시크릿가든(수영장이용X,65인치TV,노래방,커플PC,오락기,공기살균기) (130,000원~), 룸타입 특실 클럽(65인치TV,노래방,게이밍커플PC,아케이드게임기,공기살균기) (160,000원~)"
소피텔 앰배서더 서울 호텔&서비스드 레지던스,서울 송파구 잠실로 209,4.0,"룸타입 럭셔리 킹 (385,000원~), 룸타입 럭셔리 트윈 (385,000원~), 룸타입 매니피크룸 (418,000원~), 룸타입 럭셔리 레이크 킹 (451,000원~), 룸타입 럭셔리 레이크 트윈 (451,000원~), 룸타입 럭셔리 레이크 트윈 (561,000원~), 룸타입 클럽 럭셔리(클럽 밀레짐 2인 이용 포함) (638,000원~), 룸타입 프레스티지 스위트(클럽 밀레짐 2인 이용) (715,000원~)"
호텔포코 성수,서울 성동구 성수이로 96,3.8,"룸타입 스탠다드 더블 (126,000원~), 룸타입 스탠다드 트윈 (126,000원~), 룸타입 디럭스 패밀리 트윈 (185,000원~)"
스테이온,서울 성동구 광나루로9가길 24,5.0,
신라스테이 삼성,서울 강남구 영동대로 506 유니온타워 지하4층-19층,3.0,"룸타입 [Room Only] 스탠다드 트윈 빌리지뷰 (189,750원~), 룸타입 [Room Only] 스탠다드 더블 (206,250원~)"
성수스테이,서울 성동구 송정4길 19,0.0,
리베라호텔 청담,서울 강남구 영동대로 737,3.7,"룸타입 [무료주차] 슈페리어 더블  기준인원 2인 / 최대 인원 2인 (127,600원~), 룸타입 [무료주차] 디럭스 트윈   기준인원 2인 / 최대 인원 2인 (127,600원~), 룸타입 [무료주차] 온돌룸  기준인원 2인 / 최대 인원 4인 (135,520원~), 룸타입 [무료주차] 럭셔리 더블   기준인원 2인 / 최대 인원 2인 (145,200원~), 룸타입 [무료주차]럭셔리 트윈   기준인원 2인 / 최대 인원 2인 (145,200원~), 룸타입 [무료주차] 슈페리어 트윈   기준인원 3인 / 최대 인원 3인 (153,120원~), 룸타입 [무료주차] 신관그랜드 트윈  기준인원 3인 / 최대 인원 3인 (172,480원~), 룸타입 [무료주차] 18시 체크인 체크인시 배정   본관 (175,000원), 룸타입 [무료주차] 18시 체크인 체크인시 배정   신관 (210,000원), 룸타입 [무료주차]슈페리어 스위트   기준인원 2인 / 최대 인원 2인 (308,000원~)"
시그니엘 서울,서울 송파구 올림픽로 300 롯데월드타워 76~101층,4.4,
건대고시원,서울 성동구 동일로 173,0.0,
더리센츠호텔,서울 동대문구 천호대로 383,3.4,
알로프트 서울강남,서울 강남구 영동대로 736,3.4,
봉강장모텔,서울 성동구 연무장길 109,0.0,
미니캠프,서울 성동구 광나루로6길 48,5.0,
건대스테이,서울 성동구 광나루로9길 6,1.3,"룸타입 스탠다드(연박가능/OTT) (60,000원~), 룸타입 디럭스(연박가능/OTT) (70,000원~), 룸타입 빠른입실(랜덤객실배정) (70,000원~), 룸타입 스위트(연박가능/OTT) (80,000원~)"
서울올림픽파크텔,서울 송파구 올림픽로 448,3.9,"룸타입 스탠다드 트윈 (165,000원~), 룸타입 디럭스 트윈 (187,000원~)"
파크 하얏트 서울,서울 강남구 테헤란로 606,4.3,
신흥모텔,서울 성동구 송정4길 19,0.0,"룸타입 스탠다드룸(매트리스, 호텔식 고급침구, 60인치 스마트TV OTT 가능) (60,000원~), 룸타입 Deluxe room (디럭스룸, 독일제 프리미엄 침대 프레임과)(매트리스, 호텔식 고급침구, 60인치 스마트TV OTT 가능) (65,000원~), 룸타입 트윈 더블베드룸(매트리스, 호텔식 고급침구, 60인치 스마트TV OTT 가능) (90,000원~), 룸타입 Terrace Room (테라스룸, 독일제 프리미엄 침대 프레임과)(매트리스, 호텔식 고급침구, 60인치 스마트TV OTT 가능) (130,000원~)"
딜라이트호텔,서울 송파구 오금로11길 21-9,3.3,"룸타입 Standard(주차불가, 도보 only) (95,000원~), 룸타입 Standard (100,000원~), 룸타입 Deluxe (120,000원~), 룸타입 Stardard(breakfast 조식제공 PKG) (128,000원~), 룸타입 Deluxe(breakfast 조식제공 PKG) (148,000원~), 룸타입 Duplex Suite (160,000원~), 룸타입 Premium (180,000원), 룸타입 Duplex Suite(breakfast 조식제공 PKG) (188,000원~), 룸타입 Premium(breakfast 조식제공 PKG) (208,000원), 룸타입 Standard 롯데월드 커플패키지(객실1박+롯데월드자유이용권 2매+2인조식) (212,000원~), 룸타입 Deluxe 롯데월드 커플패키지(객실1박+롯데월드자유이용권 2매+2인조식) (232,000원~), 룸타입 Duplex Suite 롯데월드 커플패키지(객실1박+롯데월드자유이용권 2매+2인조식) (272,000원~), 룸타입 Premium 롯데월드 커플패키지(객실1박+롯데월드자유이용권 2매+2인조식) (297,000원)"
유림장여관,서울 성동구 광나루로9가길 24,0.0,"룸타입 스탠다드 (60,000원~), 룸타입 디럭스 (65,000원~), 룸타입 트윈 (65,000원~), 룸타입 스위트 (110,000원~), 룸타입 스위트 플러스 (130,000원~), 룸타입 디럭스-늦은퇴실 (165,000원), 룸타입 디럭스-빠른입실 (165,000원)"
포레스타호텔 2호점,서울 송파구 백제고분로7길 23-5,,"룸타입 Deluxe Double (89,600원~)"
호텔인나인,서울 강남구 영동대로 618,3.5,"룸타입 스탠다드 더블 (158,000원~), 룸타입 스탠다드 트윈 (158,000원~), 룸타입 스탠다드 더블 (164,000원~), 룸타입 스탠다드 트윈 (164,000원~), 룸타입 디럭스 코너 할리우드 더블 (178,000원~), 룸타입 디럭스 더블 우드 플로어 룸 (178,000원~), 룸타입 디럭스 코너 더블 (198,000원~), 룸타입 주니어스위트 더블 (228,000원~), 룸타입 주니어스위트 패밀리 트윈 (228,000원~), 룸타입 스위트 (278,000원~)"
호텔상주,서울 송파구 올림픽로8길 19,3.3,
호텔더캐슬 신천점,서울 송파구 올림픽로12길 4-17,2.0,"룸타입 디럭스(도보전용,주차불가,금연,넷플릭스(개인계정),유튜브 시청가능) (65,000원~), 룸타입 디럭스(금연,넷플릭스(개인계정),유튜브 시청가능) (70,000원~), 룸타입 디럭스 트윈(금연,넷플릭스(개인계정),유튜브 시청가능) (70,000원~), 룸타입 디럭스 시티뷰(도보전용,주차불가,금연,넷플릭스(개인계정),유튜브 시청가능) (70,000원~), 룸타입 디럭스 시티뷰(금연,넷플릭스(개인계정),유튜브 시청가능) (75,000원~), 룸타입 스위트(금연,넷플릭스(개인계정),유튜브 시청가능) (90,000원~), 룸타입 스위트 시티뷰(금연,넷플릭스(개인계정),유튜브 시청가능) (100,000원~), 룸타입 디럭스(15시 입실 / 얼리체크인,금연,넷플릭스(개인계정),유튜브 시청가능) (115,000원~), 룸타입 디럭스 트윈(15시 입실 / 얼리체크인,금연,넷플릭스(개인계정),유튜브 시청가능) (115,000원~), 룸타입 시그니처 스위트(금연,넷플릭스(개인계정),유튜브 시청가능) (130,000원~), 룸타입 디럭스 시티뷰(15시 입실 / 얼리체크인,금연,넷플릭스(개인계정),유튜브 시청가능) (130,000원~), 룸타입 디럭스 시티뷰 - 연박 전용(금연,넷플릭스(개인계정),유튜브 시청가능) (130,000원~), 룸타입 스위트(15시 입실 / 얼리체크인,금연,넷플릭스(개인계정),유튜브 시청가능) (145,000원~), 룸타입 로얄 스위트(금연,넷플릭스(개인계정),유튜브 시청가능) (150,000원~), 룸타입 스위트 시티뷰(15시 입실 / 얼리체크인,금연,넷플릭스(개인계정),유튜브 시청가능) (160,000원~), 룸타입 시그니처 스위트(15시 입실 / 얼리체크인,금연,넷플릭스(개인계정),유튜브 시청가능) (190,000원~), 룸타입 로얄 스위트(15시 입실 / 얼리체크인,금연,넷플릭스(개인계정),유튜브 시청가능) (220,000원~)"
파로스관광호텔,서울 송파구 올림픽로10길 5,1.7,
신천노블스테이호텔,서울 송파구 올림픽로12길 4-8,3.7,"룸타입 도보특가-연박불가 (61,600원~), 룸타입 디럭스-연박불가 (67,200원~), 룸타입 프리미엄 연박불가 (72,800원~), 룸타입 70인치 Movie룸-연박불가 (78,400원~), 룸타입 Staying for consecutive nights-연박가능 (89,600원~), 룸타입 얼리체크인-연박가능 (100,800원~), 룸타입 레이트체크아웃-연박가능 (100,800원~)"
로즈마리모텔,서울 송파구 올림픽로12길 5-29,3.0,"룸타입 일반실 주차불가(도보전용, 주차X) (40,000원~), 룸타입 일반실(일반차량 주차가능, SUV 차량 주차불가, 전 객실 넷플릭스 시청가능) (50,000원~), 룸타입 일반실 - 연박전용(일반차량 주차가능, SUV 차량 주차불가, 전 객실 넷플릭스 시청가능) (60,000원~), 룸타입 빠른입실 - 일반실(넷플릭스 무료시청 가능, SUV, 대형차량 주차불가) (60,000원~), 룸타입 일반실 B (65,000원~), 룸타입 트윈룸 (65,000원~)"
서울아산숙소 힐하우스,서울 송파구 토성로 21 3층,4.6,
오로시에호텔,서울 송파구 오금로11길 21-19,4.4,"룸타입 스탠다드 킹 (150,000원~), 룸타입 스탠다드 킹 (160,000원~), 룸타입 디럭스 킹 (170,000원~), 룸타입 스탠다드 킹 (180,000원~), 룸타입 프리미어 킹 (190,000원~), 룸타입 프리미어 킹 (200,000원~), 룸타입 프리미어 킹 (220,000원~), 룸타입 디럭스 플러스 (킹+슈퍼싱글) (230,000원~), 룸타입 스위트 킹 (290,000원~), 룸타입 스위트 킹 (300,000원~), 룸타입 스위트 킹 (320,000원~)"
호텔 더 캐슬방이1,서울 송파구 올림픽로32길 7,3.6,
골든씨티호텔,서울 동대문구 천호대로 377,3.6,
라비타호텔,서울 강남구 영동대로 712,1.7,
씩스티호텔,서울 송파구 올림픽로12길 4-12,3.0,"룸타입 당일특가(도보전용,주차불가,넷플릭스 시청가능) (45,000원~), 룸타입 일반실(넷플릭스 시청가능,승용차만주차가능) (50,000원~), 룸타입 특실(넷플릭스 시청가능) (55,000원~), 룸타입 VIP(넷플릭스 시청가능) (70,000원~)"
호텔엔유 종합운동장점,서울 송파구 올림픽로10길 8,2.6,"룸타입 디럭스-65인치 시네마TV (156,800원~), 룸타입 4060 스페셜 게이밍2PC-65인치 시네마TV (156,800원~), 룸타입 시그니처스위트A-65인치 시네마TV (224,000원~), 룸타입 시그니처스위트B-65인치 시네마TV (224,000원~), 룸타입 시그니처스위트C-65인치 시네마TV (224,000원~), 룸타입 슈퍼트윈 더블X2-65인치 시네마TV (246,400원~), 룸타입 스탠다드-65인치 시네마TV (예약마감)"
넘버25 방이점,서울 송파구 오금로11길 21-13,4.6,"룸타입 도보전용 선착순 특가 - Standard (61,600원~), 룸타입 도보전용 선착순 특가- Deluxe (67,200원~), 룸타입 Deluxe A (78,400원~), 룸타입 Deluxe Twin (89,600원~), 룸타입 Superior(안마의자or스타일러)랜덤배정 (89,600원~), 룸타입 Grand (100,800원~), 룸타입 Standard B (106,400원~), 룸타입 Deluxe B (112,000원~), 룸타입 Standard A (예약마감)"
호텔라엠,서울 강남구 봉은사로113길 23,3.5,"룸타입 일반실(개인 계정 넷플릭스 시청 가능,주차불가) (65,000원~), 룸타입 일반실(개인 계정 넷플릭스 시청 가능,주차가능) (70,000원~), 룸타입 특실B(개인 계정 넷플릭스 시청 가능) (80,000원~), 룸타입 특실A(개인 계정 넷플릭스 시청 가능) (85,000원~)"
호텔엔트라 강남,서울 강남구 도산대로 508,2.4,"룸타입 디럭스 킹 (263,835원~), 룸타입 프리미어 킹 (287,377원~), 룸타입 프리미어 트윈 (287,377원~)"
새턴호텔,서울 성동구 자동차시장1길 29,2.9,"룸타입 스탠다드-도보전용(넷플릭스, 유튜브, 주차불가) (55,000원~), 룸타입 스탠다드(넷플릭스, 유튜브 무료시청, 주차가능) (60,000원~), 룸타입 디럭스-도보전용(주차불가, 넷플릭스, 유튜브 무료시청) (65,000원~), 룸타입 디럭스(넷플릭스, 유튜브 무료시청) (70,000원~), 룸타입 디럭스 트윈(넷플릭스, 유튜브 무료시청) (80,000원~), 룸타입 프리미엄(넷플릭스, 유튜브 무료시청, 스타일러, 객실랜덤배정) (90,000원~), 룸타입 프리미엄 트윈(넷플릭스, 유튜브 무료시청, 스타일러, 객실랜덤배정) (100,000원~), 룸타입 뮤직스위트(넷플릭스,유튜브,스타일러,노래방(새벽3시까지),인원추가비용O) (130,000원~), 룸타입 뮤직루프탑(추가침구제공 불가)(넷플릭스,유튜브 스타일러,노래방(새벽1시까지),인원추가비용O) (150,000원~), 룸타입 펜트하우스(넷플릭스,노래방 밤12시까지,복층,추가침구류 제공안됨) (200,000원~)"
라비앙호텔,서울 송파구 올림픽로12길 4-15,3.0,"룸타입 Standard 도보특가 (55,000원~), 룸타입 Standard (60,000원~), 룸타입 Deluxe 도보특가 (60,000원~), 룸타입 Deluxe (65,000원~), 룸타입 Standard B(빠른입실) (90,000원~), 룸타입 Premium (100,000원~), 룸타입 Deluxe B(빠른입실) (100,000원~), 룸타입 STANDARD - 연박 전용 (100,000원~), 룸타입 Suite (140,000원~)"
글래드 강남코엑스센터,서울 강남구 테헤란로 610 2층~20층,3.3,"룸타입 스탠다드 트윈 (148,220원~), 룸타입 스탠다드 더블 (152,460원~)"
로즈파크모텔,서울 성동구 아차산로7길 42-1,0.0,
포레스타 1호점,서울 송파구 백제고분로7길 23-6,1.8,"룸타입 오늘의 이벤트(넷플릭스 유튜브 시청 가능, 랜덤배정, 주차불가) (60,000원~), 룸타입 Standard(넷플릭스 유튜브 시청 가능) (70,000원~), 룸타입 Deluxe Double(넷플릭스 유튜브 시청 가능) (80,000원~), 룸타입 Deluxe Twin(넷플릭스 유튜브 시청 가능) (80,000원~), 룸타입 Semi Suite(넷플릭스 유튜브 시청 가능) (90,000원~), 룸타입 레이트 체크아웃 Deluxe Double(넷플릭스 유튜브 시청 가능, 평일연박가능) (90,000원~), 룸타입 Deluxe Double - 연박 전용(넷플릭스 유튜브 시청 가능) (100,000원~), 룸타입 얼리-레이트 Deluxe Double(넷플릭스 유튜브 시청 가능, 금토일 연박가능) (140,000원~), 룸타입 Royal Suite 1302호(퀸+퀸베드,넷플릭스 유튜브 시청 가능) (180,000원~), 룸타입 Royal Suite 1301호(싱클+퀸베드,넷플릭스 유튜브 시청 가능) (180,000원~)"
호텔어반,서울 송파구 오금로11길 23-18,3.5,"룸타입 스탠다드 도보전용(1.5인용욕조,에이스듀오테크매트리스,웨이브넷플릭스시청,헝가리구스다운) (55,000원~), 룸타입 스탠다드A(1.5인용욕조,에이스듀오테크매트리스,웨이브넷플릭스,헝가리구스다운) (65,000원~), 룸타입 슈페리어 도보전용(슈페리어a,b중랜덤배정,차량이용불가,웨이브,넷플릭스시청가능,헝가리구스다운) (65,000원~), 룸타입 슈페리어B (디아블로4+배그고사양2PC+RTX3060)(2인욕조에이스듀오테크헝가리구스다운 65인치 대형티비) (70,000원~), 룸타입 스탠다드B (2인용조적욕조120*110깊이 60센치)(65인치TV에이스듀오테크매트리스웨이브넷플릭스시청헝가리구스다운) (70,000원~), 룸타입 슈페리어A(65인치TV+스파2인욕조+에이스듀오테크매트리스+웨이브넷플릭스헝가리구스다운) (70,000원~), 룸타입 스탠다드C(트윈퀸+싱글침대+1.5인용욕조+에이스듀오테크+웨이브넷플릭스헝가리구스다운) (70,000원~), 룸타입 로얄스위트(안마의자+스타일러구+80인치TV스파에이스듀오테크웨이브넷플릭스헝가리구스다운) (91,000원~), 룸타입 슈페리어 얼리체크인(웨이브, 넷플릭스 시청 가능,헝가리구스다운) (100,000원~), 룸타입 스탠다드 C - 얼리체크인(트윈 퀸+싱글침대+1.5인용욕조+에이스듀오테크웨이브넷플릭스헝가리구스다운) (105,000원~), 룸타입 VIP (이용일 3일전 취소불가)(2인용게임기안마의자스타일러대형TV트윈베드스파에이스듀오테크헝가리구스다운) (110,000원~)"
호텔27 동대문,서울 성동구 자동차시장1길 27,3.0,"룸타입 슈페리어 미니 주차불가(디즈니,티빙,왓챠,애플,유튜브 이용가능, 올인원 비데) (59,800원~), 룸타입 디럭스 주차불가(디즈니,티빙,왓챠,애플,유튜브 이용가능, 올인원 비데) (69,800원~), 룸타입 디럭스(디즈니,티빙,왓챠,애플,유튜브 이용가능, 올인원 비데) (79,800원~), 룸타입 럭키투데이 랜덤(객실 업그레이드-디럭스룸 이상) (79,800원~), 룸타입 세미 스위트(디즈니,티빙,왓챠,애플,유튜브 이용가능, 올인원 비데) (99,800원~), 룸타입 스위트(디즈니,티빙,왓챠,애플,유튜브 이용가능, 올인원 비데) (109,800원~), 룸타입 히노끼탕 & 파티룸(TJ노래방, 빔스크린 100인치)(디즈니,티빙,왓챠,애플,유튜브 이용가능, 올인원비데) (299,800원~)"
리버스테이,서울 성동구 둘레17길 2,0.0,
하루모텔,서울 송파구 올림픽로12길 5-17,3.6,"룸타입 Premium (도보전용, 주차금지, 넷플릭스 무료이용) (95,200원~), 룸타입 Premium(넷플릭스 시청가능) (106,400원), 룸타입 Standard (도보 전용 , 주차금지,넷플릭스 무료이용) (123,200원), 룸타입 Standard(넷플릭스 시청가능) (예약마감)"
보르조미 서울부티크호텔,서울 동대문구 천호대로83길 98,3.6,
신천플러스모텔,서울 송파구 올림픽로12길 5-25,1.9,"룸타입 준특실 (145,600원)"
남해여관,서울 성동구 아차산로13길 53,0.0,
서울숲스테이,서울 성동구 왕십리로 108-1,4.3,"룸타입 트윈룸 2층침대(공용샤워실) (59,000원~), 룸타입 트윈룸(개인샤워실) (65,000원~), 룸타입 더블룸(개인샤워실) (65,000원~), 룸타입 트리플룸 (75,000원~), 룸타입 5인 패밀리룸 (110,000원~)"
마쯔모텔,서울 송파구 올림픽로12길 5-30,3.1,"룸타입 스탠다드(주차 전화문의, 넷플릭스 이용가능) (40,000원~), 룸타입 게이밍커플PC RTX2060 & 200Hz(주차 전화문의, i5-9400, 32인치 모니터, g102, 배그가능) (50,000원~), 룸타입 잠꾸러기 PKG 2PC(배그 가능, 주차 전화문의) (70,000원~), 룸타입 게이밍커플PC 빠른입실(주차 전화문의)(RTX2060 & 200Hz i5-9400, 32인치 모니터, g102) (70,000원~)"
에이플러스,서울 송파구 백제고분로7길 15-10,1.8,
호텔아이시시,서울 성동구 아차산로 113 604호,0.0,
체리호텔,서울 송파구 오금로11길 11-15,4.2,
톰지호텔,서울 송파구 오금로11길 21-12,2.6,"룸타입 스탠다드 - 도보특가 (67,200원~), 룸타입 스탠다드 (72,800원~), 룸타입 디럭스 (84,000원~), 룸타입 스탠다드 2PC (89,600원~), 룸타입 디럭스 2PC (100,800원~), 룸타입 스탠다드 올데이 (106,400원~), 룸타입 스위트 2PC (123,200원~), 룸타입 스위트 트윈 (123,200원~)"
동명여인숙,서울 성동구 둘레17길 6,0.0,
칸호텔,서울 송파구 백제고분로7길 7-8,4.0,"룸타입 얼리 디럭스(주차가능) (115,000원)"
잠실퍼니호텔,서울 송파구 올림픽로12길 4-14,1.3,"룸타입 일반실(도보전용) (56,000원~), 룸타입 특실 (67,200원~), 룸타입 특실 트윈 (78,400원~)"
로얄장여관,서울 성동구 성수이로6길 14,0.0,
월호텔,서울 송파구 오금로11길 23-16,3.0,"룸타입 Standard A(도보전용+넷플릭스 시청가능)) (45,000원~), 룸타입 Deluxe C(도보전용+넷플릭스+디즈니 시청가능)) (55,000원~), 룸타입 Premium(넷플릭스+디즈니+ 시청가능, 65인치TV) (70,000원~), 룸타입 커플 PC룸(12세대 3060TI, 게임의자, 넷플릭스+디즈니+65인치TV) (70,000원~), 룸타입 Suite 2PC (커플 PC)(12세대 3060TI,게임의자,넷플릭스+디즈니+65인치 TV) (80,000원~), 룸타입 빠른숙박(도보전용, 객실 랜덤배정, 넷플릭스 + 디즈니 시청가능) (80,000원~), 룸타입 Royal Suite 2PC(12세대 3060TI,게임의자,안마의자,넷플릭스+디즈니+65인치 TV) (90,000원~), 룸타입 빠른입실숙박 커플PC룸(GTX1060, 넷플릭스,디즈니+고화질65인치TV+프리미엄메모리폼매트리스) (120,000원~)"
타임모텔,서울 송파구 올림픽로32길 4,5.0,"룸타입 주니어 뿌띠(숙박 주차불가/대실 주차가능) (40,000원~), 룸타입 스탠다드(숙박 주차불가/대실 주차가능) (45,000원~), 룸타입 디럭스 (50,000원~), 룸타입 VIP (55,000원~)"
루이체호텔,서울 송파구 오금로11길 21-6,3.6,"룸타입 스탠다드 A,B - 도보전용(주차불가,랜덤배정,모든OTT시청가능) (55,000원~), 룸타입 스탠다드 A,B(랜덤배정,모든OTT시청가능) (60,000원~), 룸타입 디럭스 A,B,C(sofa, 랜덤배정, 모든OTT시청가능) (70,000원~), 룸타입 프리미엄 A(Relax-chair,모든OTT시청가능) (80,000원~), 룸타입 늦은퇴실(랜덤배정,모든OTT시청가능) (80,000원~), 룸타입 프리미엄 B(mirror-room,모든OTT시청가능) (85,000원~), 룸타입 디럭스 빠른입실(Relax-chair,Styler,sofa,랜덤배정,모든OTT시청가능) (90,000원~), 룸타입 프리미엄 트윈(퀸+싱글배드, 모든OTT시청가능) (90,000원~), 룸타입 프리미엄 A,B 빠른입실(Relax-chair,mirror-room,모든OTT시청가능) (100,000원~), 룸타입 스위트 A(twin bed family room,모든OTT시청가능) (110,000원~)"
라몬호텔,서울 송파구 올림픽로12길 5-11,1.7,"룸타입 도보특가 일반실 (40,000원~), 룸타입 일반실(넷플릭스 자동로그인 이용가능) (45,000원~), 룸타입 도보특가 준특실 (45,000원~), 룸타입 준특실(넷플릭스 자동로그인 이용가능) (50,000원~), 룸타입 일반실(빠른입실 12시) (60,000원~), 룸타입 준특실(빠른입실 12시) (65,000원~)"
오크우드프리미어 코엑스센터,서울 강남구 테헤란로87길 46,3.7,
호텔봄,서울 송파구 백제고분로7길 3-16,4.3,
하얀호텔,서울 동대문구 장한로 31,1.0,"룸타입 Standard (36,960원~), 룸타입 Deluxe (44,800원~), 룸타입 Twin (56,000원~), 룸타입 Suite (56,000원~)"
부티크호텔K 동대문점,서울 동대문구 천호대로 341,2.1,"룸타입 스탠다드 더블B - 도보전용 (45,000원~), 룸타입 스탠다드 더블B - 주차전용 (50,000원~)"
MW호텔,서울 송파구 올림픽로12길 5-9,1.0,"룸타입 스탠다드(도보 전용, 주차불가) (40,000원~), 룸타입 프리미어(도보 전용, 주차불가) (45,000원~), 룸타입 스탠다드 (45,000원~), 룸타입 프리미어 (50,000원~)"
비젼게스트하우스 신천점,서울 송파구 석촌호수로12길 14,4.0,
IMT호텔,서울 송파구 올림픽로34길 5,3.0,"룸타입 일반실 (50,400원~), 룸타입 준특실 (56,000원~), 룸타입 이코노미룸 (56,000원~), 룸타입 시네마룸 (67,200원~), 룸타입 특실 (78,400원~), 룸타입 일반실 All day (78,400원~), 룸타입 준특실 All day (95,200원~), 룸타입 시네마룸 All day (112,000원~), 룸타입 특실 All day (112,000원~)"
셀레네모텔,서울 송파구 오금로11길 21-15,2.5,"룸타입 Standard 주차불가(넷플릭스 시청가능,도보전용,주차불가,PC사용X) (60,000원~), 룸타입 디럭스 주차불가(넷플릭스 시청가능,PC사용X) (65,000원~), 룸타입 Deluxe Twin(더블+싱글,넷플릭스 시청가능,PC사용X) (70,000원~), 룸타입 VIP 주차가능(대형65""TV,넷플릭스 시청가능,스타일러,PC사용X,안마의자X) (70,000원~), 룸타입 도보전용 특가(넷플릭스 시청가능, PC사용X) (120,000원~)"
와우호텔,서울 송파구 오금로11길 7-10,3.4,"룸타입 스탠다드 도보전용(넷플릭스 이용가능+게이밍2PC+헤드셋 제공,차량이용불가) (60,000원~), 룸타입 스탠다드(넷플릭스 이용가능,게이밍2PC+헤드셋 제공) (70,000원~), 룸타입 디럭스(게이밍2PC+헤드셋제공+넷플릭스 이용가능) (80,000원~), 룸타입 VIP(고급안마의자+게이밍2PC+스타일러+넷플릭스 이용가능) (90,000원~), 룸타입 Family(넷플릭스 이용가능+트윈 더블침대x2+게이밍2PC) (100,000원~), 룸타입 무한대실/얼리체크인(객실 랜덤배정) (100,000원~), 룸타입 VVIP(고급안마의자+게이밍2PC+스타일러+넷플릭스 이용가능) (100,000원~)"
반,서울 송파구 올림픽로12길 5-19,1.0,"룸타입 일반실(주차불가) (35,000원~), 룸타입 특실 (40,000원~), 룸타입 특실(주차불가) (40,000원~)"
호텔더캐슬 방이2호점,서울 송파구 올림픽로32길 7-1,3.3,"룸타입 디럭스 더블 (67,200원~), 룸타입 디럭스 시티뷰 (78,400원~), 룸타입 스위트 (89,600원~), 룸타입 시그니처 스위트 (123,200원~)"
제일여관,서울 성동구 성덕정길 90-8,0.0,
신천 윈,서울 송파구 올림픽로12길 5-21,2.5,"룸타입 Boutique A (50,000원~), 룸타입 Boutique A(도보전용 주차불가) (50,000원~), 룸타입 Boutique B (55,000원~), 룸타입 Boutique B(도보전용, 주차불가) (55,000원~), 룸타입 24시간 쓰자 (도보전용)(평일 연박가능,연박가능 빠른입실 14시 객실랜덤배정) (70,000원~)"
라자호텔,서울 송파구 오금로11길 11-21,4.2,"룸타입 일반실(스타일러 이용 가능, 넷플릭스 시청가능) (60,000원~), 룸타입 일반실(도보전용, 넷플릭스 시청가능) (60,000원~), 룸타입 준특실(스타일러 이용 가능, 넷플릭스 시청가능) (70,000원~), 룸타입 준특실(도보전용, 넷플릭스 시청가능) (70,000원~), 룸타입 특실(스타일러 이용 가능, 커플 PC, 넷플릭스 시청가능) (80,000원~), 룸타입 특실(도보전용, 커플 PC, 넷플릭스 시청가능 ) (80,000원~)"
호텔라비(HOTELRAVI),서울 송파구 오금로11길 21-7,1.9,"룸타입 슈페리어-도보전용(one ordinary day+OTT 전부 시청 가능) (60,000원~), 룸타입 슈페리어 one ordinary day (최고급 더블매트리스)(+65인치TV+공기청정기+OTT 전부 시청 가능+PC+고데기) (65,000원~), 룸타입 디럭스 A refreshing day(최고급매트리스+65인치TV+공기청정기+OTT 전부 시청 가능+PC+욕조) (75,000원~), 룸타입 늦은퇴실 Late check-out(야간대실/ OTT 전부 시청 가능) (85,000원~), 룸타입 프리미엄 2pc A good day (최고급 더블매트리스)(65인치TV+공기청정기+OTT 전부 시청 가능+배그사양커플2PC가능) (90,000원~), 룸타입 빠른입실 Early check-in(야간대실/ OTT 전부 시청 가능) (90,000원~), 룸타입 스위트 THE RAVI (최고급2Bed+PC+65인치TV)(+스타일러+안마의자+야외테라스+OTT 전부 시청가능) (120,000원~)"
잠실스테이호텔,서울 송파구 삼전로 67,2.9,"룸타입 슈퍼싱글 (76,160원~), 룸타입 스탠다드 시네마 (87,360원~), 룸타입 디럭스 시네마 (98,560원~), 룸타입 디럭스 트윈 (109,760원~), 룸타입 프리미어 2PC (128,800원~), 룸타입 VIP 파티 (179,200원~)"
그랜드인터컨티넨탈 서울파르나스,서울 강남구 테헤란로 521,4.5,"룸타입 (프로모션) 클래식 킹 (299,000원~), 룸타입 (프로모션) 클래식 킹 & 2인 조식 (379,000원~), 룸타입 (프로모션) 주니어 스위트 킹 & 2인 조식 (419,000원~), 룸타입 클래식 킹 (459,800원~), 룸타입 (프로모션) 클럽 주니어 스위트 킹 (469,000원~), 룸타입 주니어 스위트 킹 (580,800원~), 룸타입 주니어 스위트 킹 (665,500원~), 룸타입 클럽 주니어 스위트 킹 (738,100원~)"
하오호텔,서울 송파구 오금로11길 23-14,1.4,"룸타입 스탠다드 도보전용(전기장판+무소음냉장고+샤워부스+TV+PC+공기청정제) (40,000원~), 룸타입 스탠다드(전기장판+무소음냉장고+샤워부스+TV+PC+공기청정제) (45,000원~)"
호텔 동그라미,서울 송파구 오금로11길 47-10,2.9,
유성장여관,서울 성동구 성덕정길 90-13,0.0,
파루스셀라 성수,서울 성동구 성수일로12길 15-1,0.0,"룸타입 스탠다드 룸(약 4평 크기의 아늑하고 쾌적한 일반실) (60,000원~)"
호텔27,서울 성동구 자동차시장1길 27,0.0,
폼호텔,서울 송파구 백제고분로7길 7-13,2.0,
강쥐와나,서울 성동구 아차산로 91,0.0,
첼로호텔,서울 송파구 오금로11길 23-19,2.9,
호텔까사,서울 송파구 올림픽로34길 7,3.0,"룸타입 일반실 도보전용 (40,000원~), 룸타입 일반실 (45,000원~), 룸타입 특실 (50,000원~), 룸타입 일반실 트윈 (55,000원~), 룸타입 특실 트윈 (60,000원~), 룸타입 일반실 얼리체크인 (60,000원~), 룸타입 VIP트윈 (80,000원~)"
머니호텔,서울 송파구 올림픽로34길 9,2.6,"룸타입 스탠다드 도보특가(최고급 매트리스, 대형TV) (55,000원~), 룸타입 스탠다드(최고급 매트리스, 대형TV) (58,000원~), 룸타입 게이밍 1PC(초고사양 1pc(헤드셋대여), 최고급 매트리스,대형TV) (60,000원~), 룸타입 게이밍 2PC(초고사양 2pc(헤드셋대여), 최고급 매트리스, 대형TV) (65,000원~), 룸타입 프리미엄(최고급 매트리스, 대형TV, 스파욕조) (70,000원~), 룸타입 프리미엄 트윈(최고급 매트리스, 대형TV) (70,000원~), 룸타입 프리미엄 2PC(초고속2pc(헤드셋 대여), 최고급 매트리스, 대형TV) (70,000원~)"
JW모텔,서울 동대문구 한천로14길 58,5.0,"룸타입 커플PC-B (50,000원~), 룸타입 커플PC-A (60,000원~)"
호텔짬,서울 송파구 올림픽로30길 8,4.0,"룸타입 스탠다드 (60,000원~), 룸타입 스탠다드 주차불가 도보전용 (70,000원~), 룸타입 디럭스 (80,000원~), 룸타입 디럭스 주차불가 도보전용 (90,000원~)"
HL호텔,서울 송파구 오금로11길 23-12,2.9,
쿠키모텔,서울 송파구 올림픽로32길 8,3.7,"룸타입 Standard(도보전용) (50,000원), 룸타입 Deluxe(노하드 1PC) (50,000원), 룸타입 Deluxe Plus(노하드PC,2인스파,거울방) (55,000원~), 룸타입 Premium(노하드 1PC, 2인스파, 스타일러 구비) (60,000원~), 룸타입 Premium(차량 1대 가능) (60,000원~), 룸타입 Deluxe Plus(차량 1대 가능) (60,000원), 룸타입 Suit Twin(안마의자 ,대형월풀욕조 , 스타일러 구비 , 노하드 PC , 65"" TV) (70,000원~), 룸타입 Suit Double(안마의자 , 대형원형스파 , 스타일러 구비 , 노하드 PC , 65""TV) (70,000원~), 룸타입 Suit Double(차량 1대 가능) (70,000원~), 룸타입 Suit Twin(차량 1대 가능) (70,000원~)"
호텔2.4,서울 송파구 오금로11길 55-16,2.1,"룸타입 스탠다드 (90,000원~), 룸타입 스탠다드 (100,000원~), 룸타입 디럭스 (100,000원~), 룸타입 디럭스 (110,000원~), 룸타입 디럭스 트윈 (110,000원~), 룸타입 디럭스 트윈 (130,000원~), 룸타입 디럭스 트윈 (330,000원~), 룸타입 비지니스 트윈 (110,000원~), 룸타입 비지니스 트윈 (130,000원~), 룸타입 비지니스 트윈 (350,000원~), 룸타입 스위트 (150,000원~), 룸타입 스위트 (180,000원~), 룸타입 로얄스위트A 310호 (200,000원~), 룸타입 로얄스위트A 310호 (240,000원~), 룸타입 로얄스위트B 311호 (200,000원~), 룸타입 로얄스위트B 311호 (240,000원~), 룸타입 펜트하우스 투게더 510호 (200,000원~), 룸타입 펜트하우스 투게더 510호 (240,000원~), 룸타입 펜트하우스 투게더 511호 (200,000원~), 룸타입 펜트하우스 투게더 511호 (240,000원~)"
아이다호텔,서울 송파구 올림픽로34길 3-6,5.0,"룸타입 일반실 (45,000원~), 룸타입 특실 (55,000원~)"
이지호텔,서울 동대문구 장한로26가길 37,4.2,"룸타입 standard/도보전용(넷플릭스 가능) (40,000원~), 룸타입 Standard(넷플릭스 가능) (45,000원~), 룸타입 준특실 싱글 PC(넷플릭스 가능) (45,000원~), 룸타입 준특실 트윈 PC(넷플릭스 시청가능) (50,000원~)"
유성장여관,서울 성동구 자동차시장1길 53,0.0,
장안장모텔,서울 동대문구 장한로2길 18,0.0,
금봉장여관,서울 성동구 성수이로5길 10,0.0,
호텔자자,서울 송파구 오금로11길 47,2.6,"룸타입 일반실(금연실,소형승용차 외 SUV 소형만 주차가능,  넷플릭스이용가능,PC X) (44,900원~), 룸타입 준특실(금연실,승용차 외 대형차 주차가능, 넷플릭스 이용가능, PC X) (54,900원~), 룸타입 준특실(금연실, 승용차 외 대형차 주차가능, 러브체어,넷플릭스 이용가능,PC X) (64,900원~), 룸타입 트윈실(금연실, 승용차 외 대형차 주차가능, 넷플릭스 이용가능,PC X) (74,900원~)"
크로바,서울 성동구 아차산로 116,0.0,
애플모텔,서울 동대문구 장한로 9,0.0,
명성여관,서울 성동구 둘레7가길 11,0.0,
근화탕여관,서울 성동구 성덕정길 63-39,0.0,
스타치오모텔,서울 강남구 압구정로79길 17,0.0,
객게스트하우스,서울 송파구 올림픽로12길 28 4층,5.0,
행복한눈물호텔,서울 동대문구 장한로 97,2.3,"룸타입 도보전용(일반실) (35,000원~), 룸타입 준특실 B(넷플릭스 시청가능) (40,000원~), 룸타입 특실(커플PC ,넷플릭스 시청가능) (50,000원~)"
보명장,서울 송파구 잠실동 179-1,5.0,
MOTEL ROVGOROD,서울 송파구 백제고분로7길 15-10,0.0,"룸타입 특실(고사양 PC룸, GTX3060) (65,000원~)"
라비다호텔,서울 강남구 영동대로 712,0.0,
시그니처호텔,서울 동대문구 장한로21길 8,1.8,"룸타입 스탠다드 도보전용 (56,000원~), 룸타입 Standard (61,600원~), 룸타입 Deluxe (67,200원~), 룸타입 Premium (78,400원~), 룸타입 Twin (89,600원~), 룸타입 VIP (112,000원~), 룸타입 Suite (123,200원~)"
로보그라드,서울 송파구 백제고분로7길 15-10,2.0,
로사나호텔,서울 송파구 삼학사로 98,3.5,"룸타입 슈페리어더블 (123,750원~), 룸타입 디럭스더블 (138,600원~), 룸타입 디럭스트윈 (138,600원~)"
더프리마,서울 강남구 도산대로102길 10,0.0,
더스테이,서울 성동구 자동차시장1길 83,0.0,
신양장여관,서울 성동구 성덕정길 38,0.0,
(주)신안관광,서울 강남구 영동대로 737,0.0,
골든포레스트리버,서울 동대문구 천호대로97길 9,0.0,
호텔유리앤,서울 강남구 삼성로96길 20,3.6,
청담스테이에어비엔비,서울 강남구 도산대로 446,5.0,
IM호텔,서울 송파구 올림픽로32길 6,2.0,"룸타입 Standard(OTT시청가능, 넷플릭스, 디즈니플러스, 웨이브, 유튜브, 도보전용) (45,000원~), 룸타입 Deluxe(OTT시청가능, 넷플릭스, 디즈니플러스, 웨이브, 유튜브, 도보전용) (65,000원~)"
민토평창리조트,서울 성동구 성수일로4길 25,0.0,
벨루스호텔,서울 동대문구 장한로24길 8,2.0,"룸타입 스탠다드 (78,400원~), 룸타입 프리미엄 (100,800원~), 룸타입 미니테라스 - 흡연가능 (100,800원~)"
레지던스 가람 원룸텔 장한평역점,서울 동대문구 장한로2길 66,0.0,
A366호텔,서울 동대문구 장한로26가길 46,2.4,"룸타입 Standard(주차불가/넷플릭스 시청가능) (40,000원~), 룸타입 Standard(넷플릭스 시청가능) (45,000원~), 룸타입 Deluxe(주차불가/넷플릭스 시청가능) (45,000원~), 룸타입 Deluxe(넷플릭스 시청가능) (50,000원~), 룸타입 Premium(넷플릭스 시청가능) (55,000원~), 룸타입 연박가능객실(연박가능) (55,000원~), 룸타입 빠른입실 (55,000원~), 룸타입 Royal Premium(넷플릭스 시청가능) (60,000원~)"
청담게스트하우스,서울 강남구 도산대로87길 16,0.0,
호텔더블루,서울 강동구 올림픽로72길 20,3.3,"룸타입 STANDARD(PC 넷플릭스 시청가능,도보전용) (45,000원~), 룸타입 DELUXE A(넷플릭스 시청가능) (50,000원~), 룸타입 DELUXE B(넷플릭스 시청가능) (50,000원~), 룸타입 DELUXE 커플 PC (50,000원~), 룸타입 SUITE(넷플릭스 시청가능) (60,000원~), 룸타입 STANDARD(PC 넷플릭스 시청가능 14시 입실,도보전용) (65,000원~), 룸타입 VVIP SPA(넷플릭스 시청가능, 스타일러 이용가능) (70,000원~), 룸타입 디럭스 B(넷플릭스 시청가능,14시 입실) (70,000원~), 룸타입 DELUXE A(넷플릭스 시청가능, 14시 입실) (70,000원~), 룸타입 SUITE(넷플릭스 시청가능,14시 입실) (80,000원~), 룸타입 VVIP SPA(넷플릭스 시청가능 스타일러 이용가능, 14시 입실) (90,000원~)"
성수스테이,서울 성동구 서울숲4길 18-12 B01호,0.0,
모텔알프스,서울 동대문구 장한로20길 15,3.0,
레이크호텔,서울 송파구 석촌호수로 216,3.5,
화가의집,서울 강남구 도산대로99길 28-12,0.0,
무오래모텔,서울 강동구 올림픽로 654-5,3.0,"룸타입 일반실B(욕조O) (45,000원~), 룸타입 일반실A 도보전용(욕조X) (45,000원~), 룸타입 일반실C(대형욕조) (50,000원~), 룸타입 특실A(스파가능) (60,000원~), 룸타입 특실B(스파가능) (60,000원~)"
IMHOTEL,서울 송파구 올림픽로32길 6,0.0,
HOTEL HL(에이첼호텔),서울 송파구 오금로11길 23-12,0.0,
길벗호텔,서울 동대문구 장한로26가길 39,2.3,"룸타입 도보특가(랜덤배정) (45,000원~), 룸타입 스탠다드 (50,000원~), 룸타입 디럭스 (55,000원~), 룸타입 얼리체크인(랜덤배정) (60,000원~), 룸타입 비즈니스 트윈 (65,000원~), 룸타입 파티룸 (65,000원~), 룸타입 디럭스 트윈 (80,000원~)"
한국관 관광호텔사업단,서울 강남구 영동대로106길 29,0.0,
라뷰호텔,서울 강동구 올림픽로72길 11,,
코지언스테이,서울 동대문구 답십리로66길 117-4,0.0,
EEL게스트하우스,서울 송파구 올림픽로32길 10 3층4층,0.0,
아이게스트하우스 삼성점,서울 강남구 봉은사로82길 9-3 씨라인빌 401호,4.0,
디에이치 성수포레,서울 성동구 왕십리로8길 17-5 101호,0.0,
잠실헤븐,서울 송파구 백제고분로11길 32-16,0.0,
집.잠실원룸텔,서울 송파구 석촌호수로 76,0.0,
호텔페이토 삼성,서울 강남구 테헤란로87길 9,3.5,"룸타입 [카카오] 디럭스 더블 (156,750원~), 룸타입 [카카오] 디럭스 트윈 (156,750원~), 룸타입 [카카오] 어반 더블 (167,200원~)"
한강모텔,서울 강동구 구천면로 147,0.0,
그랜드호텔,서울 송파구 올림픽로34길 9,0.0,
클린원룸텔,서울 송파구 백제고분로9길 50,0.0,
올리브호텔,서울 송파구 오금로11길 55-21,0.0,"룸타입 일반실- 도보전용 (55,000원~), 룸타입 일반실 (60,000원~), 룸타입 준특실 (65,000원~), 룸타입 특실 (70,000원~)"
바고관광호텔,서울 강동구 천중로 27,2.9,"룸타입 Deluxe Double 도보전용(초대형 소프트욕조+고급 어메니티) (50,000원~), 룸타입 Deluxe Double(초대형 소프트욕조+고급 어메니티) (60,000원~), 룸타입 Suite Double(초대형 소프트욕조+고급 어메니티) (70,000원~), 룸타입 Suite Twin(초대형 소프트욕조+고급 어메니티) (70,000원~), 룸타입 Deluxe Double-연박전용 (90,000원~)"
이너스호텔,서울 강동구 올림픽로72길 19,3.2,"룸타입 일반실(넷플릭스+디즈니플러스 무료시청+욕조완비) (50,000원~), 룸타입 일반실(도보전용, 차량불가) (50,000원~), 룸타입 준특실(넷플릭스, 디즈니플러스 시청가능+65인치 TV+욕조 완비) (60,000원~), 룸타입 커플PC룸 A(노하드 시스템, 디즈니플러스+넷플릭스 가능+65인치 TV+욕조 완비) (70,000원~), 룸타입 일반실 - 연박 전용(넷플릭스+디즈니플러스 무료시청+욕조완비) (75,000원~), 룸타입 특실(넷플릭스, 디즈니플러스 시청가능+75인치 TV+스파욕조) (80,000원~), 룸타입 준특실 - 연박 전용(넷플릭스, 디즈니플러스 시청가능+65인치 TV+욕조 완비) (85,000원~), 룸타입 노하드3060  3pc룸(넷플릭스+디즈니플러스 시청가능+75인치TV+스파욕조) (100,000원~), 룸타입 노하드3060 4pc룸(넷플릭스+디즈니플러스 시청가능+75인치TV+ 스파욕조) (110,000원~)"
여행바구니,서울 성동구 뚝섬로1길 25,0.0,
에덴리빙텔,서울 송파구 백제고분로19길 29,0.0,
예스메디,서울 성동구 천호대로 366 B동 15호,0.0,
모텔갤럭시,서울 동대문구 장한로 92,0.0,
파트너에치앤에스,서울 동대문구 천호대로 377,0.0,
히트호텔,서울 강동구 구천면로24길 28,2.8,"룸타입 스탠다드A (44,800원~), 룸타입 스탠다드B (50,400원~), 룸타입 디럭스 (56,000원~), 룸타입 프리미엄 (67,200원~), 룸타입 스위트 (78,400원~)"
러블리코지하우스,서울 송파구 위례성대로2길 28-1,5.0,
수정여인숙,서울 동대문구 천호대로85길 85,0.0,
호텔H,서울 강동구 구천면로24길 19,2.3,"룸타입 Standard Double(도보전용, 넷플릭스 시청가능,객실 렌덤 배정/미리주차불가) (55,000원~), 룸타입 Standard Twin(도보전용, 넷플릭스 시청가능/미리주차불가) (55,000원~), 룸타입 Standard A Double(차량, 넷플릭스 시청가능,객실 렌덤 배정/미리주차불가) (60,000원~), 룸타입 Standard A Twin(차량, 넷플릭스 시청가능/미리주차불가) (60,000원~), 룸타입 Premium(넷플릭스 시청가능/미리주차불가) (70,000원~), 룸타입 Deluxe(넷플릭스 시청가능/미리주차불가) (70,000원~), 룸타입 Standard A Double-연박전용 (90,000원~), 룸타입 Standard A Twin-연박전용 (95,000원~), 룸타입 Suite(넷플릭스 시청가능/미리주차불가) (100,000원~)"
아레나,"서울 동대문구 장한로 92 화성빌딩 9,10층",0.0,
케빈스테이 게스트하우스,서울 송파구 올림픽로32길 37-12,3.3,
스윗서울게스트하우스,서울 송파구 올림픽로12길 48-1,0.0,
베러스테이,서울 송파구 석촌호수로 114,0.0,
오렌지모텔,서울 강동구 올림픽로 680,1.3,
줌모텔,서울 송파구 삼학사로 91,2.8,"룸타입 Standard (60,000원~), 룸타입 Deluxe (70,000원~), 룸타입 Friend Room(3인) (80,000원~), 룸타입 Family room(4인) (90,000원~)"
럭키하우스,서울 송파구 올림픽로32길 5,0.0,
리베라호텔 아노블리,서울 강남구 도산대로 419 4-7층,4.0,
STAR(월),서울 동대문구 장한로26가길 39,0.0,
메가스테이 종합운동장점,서울 송파구 백제고분로 122,0.0,
에덴모텔,서울 송파구 오금로11길 55-18,1.3,
서울숲 여름캠핑장,서울 성동구 성수동1가 719,1.0,
세븐호텔,서울 강동구 올림픽로72길 13-1,2.0,"룸타입 1 컴퓨터방 A (72,800원), 룸타입 커플pc룸 (78,400원), 룸타입 1 컴퓨터방 A - 빠른입실 (95,200원), 룸타입 커플PC룸 - 빠른입실 (100,800원)"
밀레오모텔,서울 강동구 구천면로24길 20-10,4.5,
스테이509,서울 송파구 오금로11길 63-11,0.0,"룸타입 스탠다드 (2,240,000원), 룸타입 디럭스 (2,240,000원), 룸타입 더블킹 시그니처 (2,240,000원), 룸타입 스탠다드 플러스 (2,240,000원), 룸타입 더블킹 씨네마 (2,240,000원), 룸타입 509프라이빗 (2,240,000원)"
쌍마모텔,서울 동대문구 전농로 12,2.0,"룸타입 일반실 Mini (40,000원~), 룸타입 일반실 (43,000원~), 룸타입 특실 (50,000원~)"
수모텔,서울 동대문구 장한로 98,0.0,
레이크팰리스,서울 송파구 삼전로 91,0.0,
호텔 다빈치,서울 동대문구 장한로24길 8,0.0,
퀸모텔,서울 강동구 올림픽로 654-7,0.0,
호텔6월,서울 강동구 올림픽로72길 19-4,1.4,
명성게스트하우스,서울 송파구 오금로11길 30-15 한성빌라 C동 301호,0.0,
이비스 스타일 앰배서더 서울 강남,서울 강남구 삼성로 431,3.5,"룸타입 스탠다드 더블 (130,900원~), 룸타입 스탠다드 트윈 (141,900원~), 룸타입 슈페리어 더블 (163,900원~), 룸타입 슈페리어 트윈 (174,900원~), 룸타입 스탠다드 더블 + 2인 조식 (174,900원~), 룸타입 디럭스 더블 | 고층 (174,900원~), 룸타입 스탠다드 트윈 + 2인 조식 (185,900원~), 룸타입 디럭스 트윈 | 고층 (185,900원~), 룸타입 슈페리어 더블 + 2인 조식 (207,900원~), 룸타입 슈페리어 트윈 + 2인 조식 (218,900원~)"
호수 스테이(HOSU STAY),서울 송파구 석촌호수로 152,0.0,
스타월,서울 동대문구 장한로26가길 39,0.0,
초이스모텔,서울 송파구 오금로11길 55-15,0.0,"룸타입 일반실 도보전용 (40,000원~), 룸타입 일반실 (45,000원~), 룸타입 특실 (60,000원), 룸타입 일반실- 연박전용 (60,000원~)"
테마모텔,서울 강동구 올림픽로 677,0.0,
남경모텔,서울 송파구 삼학사로 94,4.0,
어거스트부띠끄호텔 천호점,서울 강동구 구천면로24길 13,1.0,
그리스,서울 송파구 오금로11길 63-11,3.0,
라벤더,서울 강동구 구천면로24길 20-31,0.0,
호텔야자 천호역점,서울 강동구 올림픽로70길 56-5,4.0,"룸타입 Standard 도보전용(스탠다드 랜덤배정, 주차불가, 천호역5번출구 도보3분, 안심소독) (43,000원~), 룸타입 Standard(랜덤배정,넷플릭스 이용가능, PC1, TV/에어컨 ALL교체,공기청정기) (45,000원~), 룸타입 Deluxe(랜덤배정, 넷플릭스 이용가능, TV/에어컨 ALL교체, 비데) (45,000원~), 룸타입 Suite(랜덤배정,Netflix 가능,공기청정기,컴퓨터 2대,비대면키오스크) (50,000원~), 룸타입 빠른입실 - 도보전용(랜덤배정,넷플릭스 이용가능,공기청정) (50,000원~), 룸타입 늦은퇴실-도보전용(랜덤배정,넷플릭스 이용가능,공기청정기) (50,000원~), 룸타입 Suite-Twin(랜덤배정,넷플릭스 이용가능,2베드,TV/에어컨 ALL교체) (60,000원~)"
호수스테이,서울 송파구 석촌호수로 152,0.0,
비앤비25,서울 송파구 오금로15길 5-12 정환빌딩 5층,0.0,
24게스트하우스 잠실점,서울 송파구 백제고분로22길 5 한강빌딩 2층,3.7,"룸타입 더블룸 (22시 입실마감) (55,000원~), 룸타입 트윈룸 (22시 입실마감) (65,000원~), 룸타입 트리플룸(22시 입실마감) (95,000원~), 룸타입 4인 패밀리룸(22시 입실마감) (145,000원~), 룸타입 6인 패밀리룸(22시 입실마감) (185,000원~)"
알프스힐,서울 동대문구 장한로 96,0.0,
모텔펠리스,서울 강동구 올림픽로70길 50-10,0.0,"룸타입 1층 객실 주차문의 (35,000원~), 룸타입 빠른 입실 (38,000원~), 룸타입 단독특가(객실랜덤배정) (39,000원~), 룸타입 일반실A 주차문의 (40,000원~), 룸타입 VIP (45,000원~), 룸타입 일반실B (45,000원~)"
T호텔,서울 강동구 올림픽로70길 50-8,,
더하리하우스,서울 송파구 백제고분로19길 4-15 1층 101호,0.0,
올림포스모텔,서울 강동구 천중로 31,3.0,
탑레지던스,"서울 송파구 삼전로 80 3,4층",0.0,
홈스테이핑크맘,서울 송파구 올림픽로32길 19-44,0.0,
펜션사랑,서울 송파구 오금로15길 6,0.0,
L7 강남바이롯데,서울 강남구 테헤란로 415,4.1,
아리아호텔,서울 강동구 천호대로 1041-7,3.6,"룸타입 디럭스(도보전용) (60,000원~), 룸타입 스위트 (70,000원~), 룸타입 한실(온돌) (70,000원~), 룸타입 비즈니스 트윈 (70,000원~), 룸타입 스위트(도보전용) (70,000원~), 룸타입 더블 PC 트윈 (80,000원~), 룸타입 패밀리 스위트 (90,000원~), 룸타입 로얄 스위트 (90,000원~), 룸타입 주니어 펜트하우스 (110,000원~), 룸타입 펜트하우스 (130,000원~), 룸타입 프라이빗 루프탑+트윈룸 (260,000원~), 룸타입 프라이빗 루프탑+펜트하우스 (290,000원~)"
도담e하우스,서울 송파구 백제고분로18길 3-11 302호,0.0,
리베하우스게스트하우스,서울 강동구 천호옛12길 24-12 지하층 101호,0.0,
신풍여관,서울 중랑구 면목로 222,0.0,
호텔연,서울 강동구 올림픽로70길 50-11,0.0,"룸타입 스탠다드A(도보전용) (38,000원~), 룸타입 Standard-A (40,000원), 룸타입 Standard-C (40,000원~), 룸타입 Standard-B (45,000원~)"
스카이,서울 송파구 오금로11길 63-11,0.0,
동주산업,서울 강남구 봉은사로 509,0.0,
SM부티크호텔,서울 동대문구 천호대로 291-1,2.7,"룸타입 스탠다드 - 연박가능 (54,200원~), 룸타입 디럭스 - 연박가능 (63,700원~), 룸타입 스위트 트윈 - 연박가능 (69,200원~)"
랑데뷰호텔,서울 송파구 방이동 50-1,0.0,
석촌별채,서울 송파구 오금로17길 5-25 2층,0.0,
미래시현,서울 강동구 성내로 40,0.0,
동그라미,서울 송파구 백제고분로41길 35,5.0,
티호텔,서울 강동구 올림픽로70길 50-8,0.0,
홀리데이호텔,서울 송파구 방이동 50-1,0.0,
에덴게스트하우스,서울 송파구 삼전로10길 55 에덴하우스 202호,4.0,
더클라우드프런티어,서울 강남구 테헤란로 521,0.0,
호텔인피니,서울 송파구 백제고분로 268,3.3,
에스이엔에프,서울 강남구 도산대로 435,0.0,
캠프모텔,서울 강동구 구천면로24길 25,1.0,"룸타입 일반실 (35,000원~)"
성팔주점관리,서울 강남구 테헤란로87길 36,0.0,
블루문,서울 송파구 오금로16길 12 201호,5.0,
자이언트호텔,서울 강남구 봉은사로 459,4.4,
안다즈 서울 강남,서울 강남구 논현로 854,4.0,"룸타입 킹 베드 스탠다드 (548,630원~), 룸타입 킹 베드 스탠다드 (622,550원~), 룸타입 킹 베드 디럭스 (629,480원~), 룸타입 킹 베드 디럭스 (703,400원~)"
정다운인,서울 강동구 올림픽로70길 56-10,0.0,
신라스테이 역삼,서울 강남구 언주로 517,3.6,"룸타입 [5시간 STAY/숙박불가+OTT 대여] 체크인 시 배정 (105,000원~), 룸타입 [9시간 STAY/숙박불가+OTT 대여] 체크인 시 배정 (115,000원~), 룸타입 [Room Only]스탠다드 더블 (163,680원~), 룸타입 [Room Only]스탠다드 트윈 (163,680원~), 룸타입 [Room Only] 체크인 시 배정 (168,960원~), 룸타입 [Room Only]디럭스 더블 (170,500원~), 룸타입 [5시간 STAY/숙박불가] 체크인 시 배정 (190,000원), 룸타입 [9시간 STAY/숙박불가] 체크인 시 배정 (195,000원), 룸타입 [조식 2인 패키지] 스탠다드 더블 (201,872원~), 룸타입 [조식 2인 패키지] 스탠다드 트윈 (201,872원~), 룸타입 [조식 2인 패키지] 디럭스 더블 (208,692원~)"
에바파크,서울 강동구 올림픽로70길 44,0.0,
디에이취,서울 강동구 구천면로24길 19,0.0,
방이별채,서울 송파구 오금로17길 5-25 2층,0.0,
티나 홈스테이,서울 송파구 삼학사로19길 7,0.0,
레이크뷰로프트 잠실점,서울 송파구 석촌호수로 210,0.0,
마린레이크,서울 강동구 올림픽로 722 402호,0.0,
호텔감,서울 강동구 천호대로159길 22-36,5.0,
신일장여관,서울 중랑구 면목로 227-1,0.0,
모텔큐,서울 동대문구 답십리로67길 2,0.0,
비앤비청담,서울 강남구 선릉로148길 52-18,0.0,
조선팰리스 강남,서울 강남구 테헤란로 231 센터필드타워 West동,2.9,
프린세스호텔,서울 강남구 압구정로46길 17,3.5,
노보텔 앰배서더 서울강남,서울 강남구 봉은사로 130,3.4,"룸타입 슈페리어 더블 (233,750원~), 룸타입 슈페리어 트윈 (233,750원~), 룸타입 디럭스 더블 (271,150원~), 룸타입 디럭스 트윈 (271,150원~), 룸타입 룸업그레이드슈페리어 → 디럭스 더블 ㅣ 룸 업그레이드 (275,000원~), 룸타입 [2인조식+라운지] 이그제큐티브 더블 (418,880원~)"
미미미 펜트하우스,서울 강남구 도산대로 417 12층,0.0,
호텔크레센도 서울,서울 강남구 봉은사로 428,3.4,"룸타입 프티 퀸 (99,000원~), 룸타입 프티 트윈 (99,000원~), 룸타입 부티크 킹 (165,000원~)"
서울숲 캠핑장,서울 성동구 성수동1가 678-1,0.0,
에스알앤피,서울 강동구 올림픽로70길 56-5,0.0,
뷰띠끄모텔,서울 동대문구 천호대로 291-1,0.0,
타라호텔,서울 강남구 선릉로100길 56,3.8,"룸타입 스탠다드(주차불가) (107,000원~), 룸타입 스탠다드 (112,000원~), 룸타입 디럭스(85인치 , 65인치 랜덤배정) (123,000원~), 룸타입 이른 입실(체크인시 배정) (123,000원~), 룸타입 디럭스 트윈 (134,000원~), 룸타입 디럭스 파크뷰 (134,000원~), 룸타입 늦은 퇴실(체크인시 배정) (134,000원~), 룸타입 스위트 테라스(85인치 / 삼성 의류관리기기 구비) (160,000원~), 룸타입 스위트 프리미어(85인치 TV / 삼성 의류관리기기 구비) (180,000원~)"
스카이,서울 송파구 백제고분로41길 35,0.0,
베니키아호텔체인본부,서울 강남구 선릉로148길 26 한양빌딩 4층,0.0,
석촌가,서울 송파구 백제고분로31길 11-14,0.0,
씨티모텔,서울 강동구 진황도로 9,1.0,"룸타입 일반실 (45,000원), 룸타입 준특실 (50,000원), 룸타입 특실 (55,000원)"
AC 호텔 바이 메리어트 서울 강남,서울 강남구 테헤란로25길 10,3.6,
두리고시원,서울 동대문구 장한로27길 29,0.0,
디에이스호텔,서울 강남구 테헤란로77길 11-5,,"룸타입 Deluxe(주차불가) (60,000원~), 룸타입 Deluxe(주차가능) (70,000원~), 룸타입 Premier(주차불가) (70,000원~), 룸타입 Premier(주차가능) (80,000원~), 룸타입 Premier - Twin(주차불가) (80,000원~), 룸타입 Premier - twin(주차가능) (90,000원~), 룸타입 ACE - Twin(주차불가) (90,000원~), 룸타입 ACE - Twin(주차가능) (100,000원~)"
호텔카푸치노,서울 강남구 봉은사로 155,3.2,"룸타입 카푸치노 킹 (120,000원~), 룸타입 카푸치노 킹 (160,000원~), 룸타입 슈퍼 트윈 (170,000원~), 룸타입 바크 킹 (180,000원~)"
포포인츠 바이쉐라톤 서울강남,서울 강남구 도산대로 203,3.6,
예스모텔,서울 강동구 진황도로 24,1.0,"룸타입 준특실 A(넷플릭스 시청가능, 주차불가) (44,900원~), 룸타입 준특실 C(넷플릭스 시청가능) (54,000원~), 룸타입 준특실 B(넷플릭스 시청가능) (55,000원), 룸타입 특실(넷플릭스 시청가능) (65,000원~)"
함께꿈꾸는마을 잠실송리단마을,서울 송파구 송파대로44길 27 3층,0.0,
와이에이치리조트,서울 강남구 테헤란로88길 10,0.0,
동호장,서울 강동구 올림픽로80길 51,0.0,
한수장,서울 성동구 살곶이8길 7,0.0,
프라자모텔,서울 강동구 구천면로 216,5.0,
호텔캘리포니아,서울 강남구 선릉로100길 52,4.2,"룸타입 Standard(넷플릭스 시청가능) (60,000원~), 룸타입 Standard 도보전용(넷플릭스 시청가능, 주차 불가) (60,000원~), 룸타입 Deluxe(욕조,넷플릭스 시청가능) (70,000원~), 룸타입 Standard twin싱글+싱글(넷플릭스 시청가능) (70,000원~), 룸타입 연박전용 (120,000원~), 룸타입 VIP 테라스 선릉공원뷰(넷플릭스 시청가능) (150,000원~)"
이끌라쎄 게스트하우스,서울 강남구 봉은사로74길 18-1,0.0,
성남여관,서울 강동구 천호대로159길 45,0.0,
발리관광호텔,서울 강동구 풍성로 210,2.8,"룸타입 Double (77,000원), 룸타입 Twin (88,000원~), 룸타입 Triple(3인) (99,000원), 룸타입 Big twin(4인) (110,000원)"
파티오세븐,서울 강남구 논현로 736,2.7,
그레이호텔,서울 강남구 선릉로90길 46,3.3,"룸타입 Hot Deal - 차량불가(랜덤 배정) (66,660원~), 룸타입 Deluxe A - 차량불가(랜덤 배정) (68,890원~), 룸타입 Deluxe+(랜덤 배정) (85,000원~), 룸타입 Deluxe - 빠른 입실 (차량불가)(랜덤 배정, 얼리체크인) (89,990원~), 룸타입 Deluxe - 늦은 퇴실 (차량불가)(랜덤 배정, 레이트체크아웃) (95,000원~), 룸타입 Suite(랜덤 배정) (99,990원~), 룸타입 연박전용 - 차량불가(빠른입실, 랜덤 배정, 연박 시 이용 가능) (115,000원~), 룸타입 Suite C (128,000원~)"
그랜드 머큐어 임피리얼 팰리스 서울 강남,서울 강남구 언주로 640,3.1,"룸타입 디럭스 더블 (302,500원~), 룸타입 디럭스 트윈 (302,500원~), 룸타입 레지던스 원 베드룸 디럭스 더블 (379,500원~), 룸타입 레지던스 원 베드룸 디럭스 트윈 (379,500원~), 룸타입 레지던스 스튜디오 디럭스 (412,500원~), 룸타입 레지던스 스튜디오 디럭스 (500,500원~), 룸타입 이그제큐티브 더블 (클럽라운지 혜택 2인 포함) (456,500원~), 룸타입 코너 스위트 (클럽라운지 혜택 2인 포함) (522,500원~), 룸타입 듀플렉스 스위트 (클럽라운지 혜택 2인 포함) (522,500원~), 룸타입 레지던스 원 베드룸 프리미어 (632,500원~), 룸타입 레지던스 원 베드룸 프리미어 (720,500원~), 룸타입 레지던스 투 베드룸 프리미어 (예약마감), 룸타입 레지던스 투 베드룸 프리미어 (예약마감), 룸타입 이그제큐티브 트윈 (클럽라운지 혜택 2인 포함) (예약마감)"
목성여관,서울 성동구 살곶이길 346,0.0,
신라스테이 서초,서울 서초구 효령로 427,3.6,"룸타입 [Room Only] 스탠다드 더블 (155,100원~), 룸타입 [Room Only] 스탠다드 트윈 (155,100원~), 룸타입 [Room Only] 디럭스 더블 (161,700원~), 룸타입 [2인 조식 패키지] 스탠다드 더블 (180,420원~), 룸타입 [2인 조식 패키지] 스탠다드 트윈 (180,420원~), 룸타입 [2인 조식 패키지] 디럭스 더블 (186,620원~)"
월호텔,서울 강동구 성안로 121,3.8,"룸타입 디럭스 도보전용(넷플릭스 시청가능) (55,000원~), 룸타입 디럭스(넷플릭스 시청가능) (60,000원~), 룸타입 디럭스 트윈(넷플릭스 시청가능) (70,000원~), 룸타입 VIP(넷플릭스 시청가능) (70,000원~), 룸타입 빠른입실(넷플릭스 시청가능) (95,000원~), 룸타입 디럭스 도보전용-연박특가(넷플릭스 시청가능) (95,000원~), 룸타입 늦은퇴실(넷플릭스 시청가능) (95,000원~), 룸타입 디럭스-연박특가(넷플릭스 시청가능) (105,000원~), 룸타입 VIP-연박특가(넷플릭스 시청가능) (115,000원~)"
엘리에나호텔 서울 강남,서울 강남구 논현로 645,3.5,
보보스모텔,서울 강동구 천호대로159길 22-40,0.0,
L7 청량리바이롯데,서울 동대문구 왕산로 200 롯데캐슬 SKY-L65 랜드마크타워 7층,0.0,
호텔뉴브,서울 강남구 선릉로85길 6,3.5,
베스트웨스턴프리미어 강남호텔,서울 강남구 봉은사로 139,3.6,
베니키아 강남 노블레스호텔,서울 강남구 테헤란로25길 6-13,1.8,
M모텔,서울 강동구 진황도로23길 12,0.0,"룸타입 단독특가(객실랜덤배정예약) (39,000원~), 룸타입 일반실 (40,000원~), 룸타입 특실 A (50,000원~)"
성용낚시동호장,서울 강동구 올림픽로80길 49,0.0,
어반네스트호텔,서울 강남구 선릉로92길 41,4.5,"룸타입 스탠다드 - 도보전용A(넷플릭스, 웨이브 무료 시청가능) (75,000원~), 룸타입 스탠다드 - 도보전용B(넷플릭스, 웨이브 무료 시청가능) (90,000원~), 룸타입 디럭스 - 도보전용(넷플릭스, 웨이브 무료 시청가능) (95,000원~), 룸타입 스탠다드(넷플릭스, 웨이브 무료 시청가능) (99,000원~), 룸타입 디럭스(넷플릭스, 웨이브 무료 시청가능) (105,000원~), 룸타입 트윈(넷플릭스, 웨이브 무료 시청가능) (129,000원~), 룸타입 스위트A(넷플릭스, 웨이브 무료 시청가능, 욕조) (139,000원~), 룸타입 스위트B - 금연객실(금연객실, 넷플릭스, 웨이브 무료 시청가능, 욕조, 스타일러) (149,000원~)"
삼정호텔,서울 강남구 봉은사로 150,3.6,
하모니호텔,서울 강동구 천중로40길 63,4.0,"룸타입 스탠다드더블 (99,000원~), 룸타입 스탠다드트윈 (105,000원~), 룸타입 슈페리어 더블 (105,000원~), 룸타입 디럭스더블 (115,000원~), 룸타입 디럭스트윈 (115,000원~), 룸타입 슈페리어 트윈 (115,000원~)"
안테룸 서울,서울 강남구 도산대로 153,3.3,"룸타입 LOFT DOUBLE (164,900원~), 룸타입 STUDIO TWIN (164,900원~), 룸타입 ATELIER (329,800원~)"
호텔컬리넌 대치,서울 강남구 테헤란로78길 14-16,2.0,"룸타입 Deluxe(늦은입실/도보전용) (60,000원~), 룸타입 Deluxe(늦은입실/주차전용) (90,000원~), 룸타입 Deluxe(넷플릭스 시청 전용객실) (100,000원~), 룸타입 Deluxe(빠른입실/도보전용) (100,000원~), 룸타입 Deluxe Twin (120,000원~), 룸타입 Deluxe(빠른입실/주차전용) (120,000원~), 룸타입 Deluxe(스타일러 이용 가능) (120,000원~)"
라까사호텔 서울점,서울 강남구 도산대로1길 83,3.2,"룸타입 이스트 더블 라까사 (160,000원~), 룸타입 이스트 트윈 라까사 (160,000원~), 룸타입 이스트 더블 라까사 (161,000원~), 룸타입 이스트 트윈 라까사 (161,000원~), 룸타입 이스트 트윈 I 욕조 객실 (175,000원~), 룸타입 이스트 트윈 I 욕조 객실 (176,000원~), 룸타입 웨스트 더블 라까사 (180,000원~), 룸타입 웨스트 더블 라까사 (181,000원~), 룸타입 이스트 더블 I 욕조 객실 (180,000원~), 룸타입 이스트 더블 I 욕조 객실 (181,000원~), 룸타입 웨스트 더블 I 욕조 객실 (210,000원~), 룸타입 웨스트 더블 I 욕조 객실 (211,000원~), 룸타입 웨스트 트윈 I 욕조 객실 (220,000원~), 룸타입 웨스트 트윈 I 욕조 객실 (221,000원~), 룸타입 웨스트 트윈 라까사 (250,000원~), 룸타입 웨스트 트윈 라까사 (251,000원~), 룸타입 라까사 스위트 (300,000원~), 룸타입 라까사 스위트 (301,000원~)"
호텔 디 아티스트 역삼점,서울 강남구 테헤란로29길 11,2.9,"룸타입 Standard(주차불가/넷플릭스 본인계정/일회용품포함/조식무료/랜덤배정) (81,000원~), 룸타입 Standard(일회용품포함가/넷플릭스 본인계정/조식무료/랜덤배정) (91,000원~), 룸타입 Deluxe(일회용품포함가/넷플릭스 본인계정/조식무료/랜덤배정) (101,000원~), 룸타입 Premium(일회용품포함가/넷플릭스 본인계정/조식무료/랜덤배정) (121,000원~), 룸타입 연박전용객실(랜덤배정) (121,000원~), 룸타입 Special(일회용품포함가/넷플릭스 본인계정/조식무료/랜덤배정) (171,000원~)"
호텔선샤인 서울,서울 강남구 도산대로 205,3.6,
사월호텔,서울 강남구 언주로89길 13,4.3,
스테이봄 강동,서울 강동구 성내로13길 50 B102호,0.0,
더 리버사이드호텔,서울 서초구 강남대로107길 6,3.0,"룸타입 슈페리어 더블 (91,000원~), 룸타입 슈페리어 트윈 (96,600원~), 룸타입 디럭스 더블(시티뷰) (122,500원~), 룸타입 트리플 (129,500원~)"
올인모텔,서울 강남구 학동로53길 3-4,4.6,"룸타입 Standard 지하 B1(주차불가, 신분증검사필) (60,000원~), 룸타입 Standard C(신분증검사필) (70,000원~), 룸타입 Standard D(신분증검사필) (70,000원~), 룸타입 Standard B(신분증검사필) (70,000원~), 룸타입 Standard A(신분증검사필) (70,000원), 룸타입 Deluxe B(신분증검사필) (80,000원~), 룸타입 Deluxe A(신분증검사필) (80,000원~), 룸타입 VIP(신분증검사필) (100,000원~)"
도미인 서울강남호텔,서울 강남구 봉은사로 134,4.6,
호텔컬리넌 역삼,서울 강남구 언주로87길 11,3.2,"룸타입 Deluxe-도보특가 (66,980원~), 룸타입 Deluxe (78,180원~), 룸타입 Premium (89,380원~)"
보코서울강남,서울 강남구 도산대로 144,4.7,"룸타입 디럭스 싱글 (284,900원~), 룸타입 디럭스 트윈 (317,900원~), 룸타입 [Beauty in Voco] 디럭스 싱글 (341,900원~), 룸타입 [2인 조식 PKG] 디럭스 싱글 (342,100원~), 룸타입 프리미엄 원 킹(샤워부스) (361,900원~), 룸타입 [Beauty in Voco] 디럭스 트윈 (374,900원~), 룸타입 [2인 조식 PKG] 디럭스 트윈 (375,100원~), 룸타입 프리미엄 원 킹(히노키) (394,900원~), 룸타입 [Beauty in Voco] 프리미엄 원 킹(샤워부스) (418,900원~), 룸타입 [2인 조식 PKG] 프리미엄 원 킹(샤워부스) (419,100원~), 룸타입 [Beauty in Voco] 프리미엄 원 킹(히노키) (451,900원~), 룸타입 [2인 조식 PKG] 프리미엄 원 킹(히노키) (452,100원~), 룸타입 럭셔리 배스 스위트 (592,900원~), 룸타입 [Beauty in Voco] 럭셔리 배스 스위트 (649,900원~), 룸타입 [2인 조식 PKG] 럭셔리 배스 스위트 (650,100원~)"
에이든 바이 베스트웨스턴,서울 강남구 도산대로 216,3.7,"룸타입 스탠다드 더블 (130,900원~), 룸타입 스탠다드 트윈 (130,900원~), 룸타입 스탠다드 헐리우드 더블 (130,900원~), 룸타입 디럭스더블 (157,300원~), 룸타입 디럭스트윈 (157,300원~), 룸타입 디럭스 프리미어더블 (176,000원~)"
하늘사랑,서울 강동구 천호대로159길 22-40,0.0,
스테이프로방스40,서울 강동구 성안로 40,5.0,
아난티 앳 강남,서울 강남구 논현로 734,3.6,
호텔더디자이너스 리즈강남프리미어,서울 강남구 봉은사로 113,2.7,
운영,서울 강동구 올림픽로92길 7-9,0.0,
브라운도트 역삼점,서울 강남구 테헤란로37길 13-5 1~11층,4.3,"룸타입 슈페리얼 주차불가(도보고객 전용,디즈니플러스,넷플릭스,티빙,와이파이 무료 이용 가능) (100,000원~), 룸타입 슈페리얼 랜덤배정(디즈니플러스,넷플릭스,티빙,와이파이 무료 이용가능) (110,000원~), 룸타입 레이트 체크아웃 - 슈페리얼 주차불가(도보고객 전용,디즈니플러스,넷플릭스,티빙,와이파이 무료 이용 가능) (110,000원~), 룸타입 레이트 체크아웃 - 슈페리얼 랜덤배정(디즈니플러스,넷플릭스,티빙,와이파이 무료 이용가능) (120,000원~), 룸타입 프리미엄 B(디즈니플러스,넷플릭스,티빙,와이파이, 욕조 이용가능) (130,000원~), 룸타입 프리미엄 A(디즈니플러스,넷플릭스,티빙,와이파이,욕조,스타일러 이용가능) (140,000원~), 룸타입 레이트 체크아웃 - 프리미엄 B(디즈니플러스,넷플릭스,티빙,와이파이, 욕조 이용가능) (150,000원~), 룸타입 스위트 B(쇼파베드,킹사이즈베드,넷플릭스,티빙,디즈니플러스,욕조,스타일러) (160,000원~), 룸타입 연박전용 - 주차불가(차량 불가, 넷플릭스, 티빙, 와이파이 무료 이용 가능) (160,000원~), 룸타입 레이트 체크아웃 - 프리미엄 A(디즈니플러스,넷플릭스,티빙,와이파이,욕조,스타일러 이용가능) (160,000원~), 룸타입 스위트 A(안마의자,넷플릭스,티빙,디즈니 플러스,욕조,스타일러 이용가능) (180,000원~)"
에이치에비뉴호텔 역삼,서울 강남구 테헤란로29길 12,3.1,"룸타입 도보전용 디럭스 (78,400원~), 룸타입 디럭스 (89,600원~)"
스텔라호스텔,서울 강남구 선릉로90길 62 3~5층,5.0,
JS무인호텔,서울 강남구 선릉로92길 37-5,2.0,"룸타입 standard(넷플릭스 시청가능) (60,000원~), 룸타입 premium(넷플릭스 시청가능) (70,000원~), 룸타입 suite(넷플릭스 시청가능) (100,000원~), 룸타입 연박전용 - 랜덤배정 (120,000원~)"
리츠모텔,서울 강남구 테헤란로77길 11-3,1.0,
호텔더디자이너스 청량리,서울 동대문구 왕산로 226,3.0,"룸타입 pet room(10kg미만, 넷플릭스 시청가능) (130,000원~)"
포레스타호텔,서울 성동구 무학로2길 51,,"룸타입 디럭스 / 주차불가(넷플릭스 유튜브 시청가능) (60,000원~), 룸타입 디럭스 / 주차가능(넷플릭스 유튜브 시청가능) (65,000원~), 룸타입 게이밍 커플 2PC(게이밍 2PC, 롤/배그/오버워치 이용가능) (70,000원~), 룸타입 스위트(넷플릭스 유튜브 시청가능) (75,000원~), 룸타입 디럭스 / 연박가능(넷플릭스 유튜브 시청가능) (90,000원~), 룸타입 로얄 스위트(넷플릭스 유튜브 시청가능) (100,000원~)"
스테이서울,서울 성동구 사근동길 8,3.0,
마리호텔,서울 강동구 양재대로111길 28,3.0,"룸타입 B-타입(카운터에 B타입을 꼭말씀해주세요) (50,000원~), 룸타입 A-타입(카운터에 A타입을 꼭말씀해주세요) (55,000원~)"
인더시티비즈니스호텔,서울 강남구 테헤란로37길 13-8,3.0,
K그랜드호스텔,서울 성동구 왕십리로 339-1 6~10층,3.4,"룸타입 더블룸 (74,000원~), 룸타입 트윈룸 (79,000원~), 룸타입 트리플룸 (98,000원~), 룸타입 패밀리룸 (119,000원~)"
심플스테이,서울 강남구 봉은사로 445,0.0,
해피하와이,서울 강남구 삼성로103길 30 2층,0.0,
호텔아르고,서울 강동구 진황도로 93,2.7,"룸타입 준특실 도보전용 (넷플릭스)(주차불가) (40,000원~), 룸타입 특실 도보전용 (넷플릭스, 욕조)(주차불가) (45,000원~), 룸타입 준특실 (넷플릭스) (50,000원~), 룸타입 트윈실(넷플릭스,더블+싱글,욕조) (55,000원~), 룸타입 특실 (넷플릭스,욕조) (55,000원~), 룸타입 VIP (넷플릭스, 안마 or 테라스랜덤,욕조) (60,000원~), 룸타입 스위트(넷플릭스, 안마or테라스 랜덤,전자렌지,2인욕조) (70,000원~), 룸타입 트윈실-연박전용 (70,000원~), 룸타입 VIP-연박전용 (70,000원~)"
JW 메리어트 동대문 스퀘어 서울,서울 종로구 청계천로 279,3.8,
프린스호텔,서울 강남구 선릉로86길 43,,"룸타입 비지니스룸(도보전용, 주차불가) (60,000원~), 룸타입 Deluxe(도보전용, 주차불가) (65,000원~), 룸타입 비지니스룸(주차가능) (65,000원~), 룸타입 Deluxe(주차가능) (70,000원~), 룸타입 Deluxe PLUS(도보전용, 주차불가) (70,000원~), 룸타입 Deluxe plus(주차가능) (75,000원~)"
코너호텔,서울 송파구 송파대로 385,3.1,"룸타입 Standard Double A (70,000원~), 룸타입 Deluxe B(장애인) (110,000원~), 룸타입 Standard Twin (110,000원), 룸타입 Deluxe A (120,000원~), 룸타입 Deluxe B (120,000원~)"
아모렉스관광호텔,서울 성동구 왕십리로20길 19,1.8,"룸타입 스탠다드 - 도보전용 (56,000원), 룸타입 디럭스 (67,200원), 룸타입 럭셔리 (78,400원~), 룸타입 트윈 (89,600원~), 룸타입 스위트 (89,600원~), 룸타입 로얄스위트 (134,400원~), 룸타입 패밀리스위트 (156,800원)"
호텔세느,서울 강남구 논현로 533,3.4,"룸타입 클래식 더블 (100,000원~), 룸타입 프리미엄 더블 (129,000원~), 룸타입 이그제큐티브 스위트 (200,000원~), 룸타입 주니어 스위트 (예약마감)"
송파호스텔,서울 송파구 백제고분로 420,0.0,
리치웰호텔,서울 강남구 테헤란로37길 13-10,3.4,"룸타입 스탠다드-도보전용 (78,180원~), 룸타입 스탠다드 (89,380원~), 룸타입 슈페리얼 (100,580원~), 룸타입 디럭스 (134,180원~), 룸타입 스위트 (167,780원), 룸타입 로얄스위트 (190,180원)"
야코리아호스텔 강남점,서울 강남구 테헤란로43길 19 4층,4.1,
앰배서더 서울풀만호텔,서울 중구 동호로 287,3.7,
호텔컬리넌 왕십리,서울 성동구 무학로2길 47,2.3,
IBC호텔,서울 종로구 난계로 241,4.8,"룸타입 스탠다드 트윈 (95,200원~), 룸타입 스탠다드 더블 (104,720원~), 룸타입 [2인 조식] 스탠다드 트윈 (117,600원~), 룸타입 [2인 조식] 스탠다드 더블 (127,120원~)"
호텔그라모스,서울 강남구 테헤란로33길 6-5,3.6,
데니스하우스,서울 강남구 봉은사로68길 65 이안애빌 401호,0.0,
강남스테이호텔,서울 강남구 논현로87길 15-4,3.2,
가락관광호텔,서울 송파구 송파대로28길 5,2.8,
레이크,서울 송파구 삼학사로14길 24-1,0.0,
오월호텔,서울 강남구 언주로85길 27,3.8,
UH 스위트 더 코엑스,"서울 강남구 선릉로92길 37-1 지하1-지하2층, 1-12층",0.0,
글램,서울 동대문구 이문로 14,4.4,"룸타입 슈페리어(도보전용,  금연객실, 최신구글TV, 50인치, 프리미엄침구류) (60,000원~), 룸타입 슈페리어(주차전용, 금연객실, 최신구글TV, 50인치, 프리미엄침구류) (65,000원~), 룸타입 디럭스(도보전용, 금연객실, 최신구글TV, 55인치, 프리미엄침구류) (70,000원~), 룸타입 럭키투데이(디럭스 이상 랜덤배정, 금연객실, 최신구글TV, 55인치, 프리미엄침구류) (70,000원~), 룸타입 디럭스(주차전용, 금연객실, 최신구글TV, 55인치, 프리미엄침구류) (75,000원~), 룸타입 디럭스 프리미엄(최신구글TV, 금연객실, 55인치, 프리미엄침구류) (80,000원~), 룸타입 슈페리어-레이트체크아웃(도보전용)(최신구글 TV, 금연객실, 50인치, 프리미엄침구류) (80,000원~), 룸타입 슈페리어 - 얼리체크인(최신구글 TV, 금연객실, 50인치, 프리미엄침구류) (90,000원~), 룸타입 슈페리어-연박(도보전용, 금연객실, 최신구글TV, 50인치, 프리미엄침구류) (90,000원~), 룸타입 디럭스-레이트체크아웃(도보전용)(최신구글TV, 금연객실, 55인치, 프리미엄침구류) (90,000원~), 룸타입 테라스 스위트(최신구글TV, 금연객실, 65인치, 야외테라스, 프리미엄침구류) (100,000원~), 룸타입 디럭스 - 얼리체크인(최신구글TV, 금연객실, 55인치, 프리미엄침구류) (110,000원~), 룸타입 디럭스-연박(도보전용, 금연객실, 최신구글TV, 55인치, 프리미엄침구류) (110,000원~), 룸타입 스파 스위트(최신구글TV, 금연객실, 55인치, 대형스파, 프리미엄침구류) (150,000원~)"
호텔스타프리미어 역삼,서울 강남구 테헤란로33길 6-11,2.2,"룸타입 도보전용특가-주차불가, 넷플릭스, 랜덤배정(욕조 유/무), PC완비 (89,600원~), 룸타입 슈페리어 더블-넷플릭스, 랜덤배정(욕조 유/무), PC완비 (100,800원~), 룸타입 프리미어 더블-넷플릭스, 랜덤배정, PC완비 (112,000원~), 룸타입 디럭스 트윈 - 넷플릭스,더블베드+싱글베드, PC완비 (123,200원~), 룸타입 트윈 게임룸(고사양PC, 계정제공X) (134,400원~), 룸타입 스위트 더블- 넷플릭스, 안마의자,스타일러, PC완비 (168,000원~), 룸타입 스위트 트윈 - 넷플릭스, 안마의자,스타일러,트윈 더블+싱글베드, PC완비 (190,400원~)"
호텔더디자이너스 리즈스윗역삼,서울 강남구 테헤란로37길 13-12,5.0,
샘호텔,서울 강동구 천중로 197,4.4,"룸타입 스탠다드 도보전용(주차불가) (40,000원~), 룸타입 디럭스 도보전용(올인원PC,주차불가) (45,000원~), 룸타입 스탠다드 (50,000원~), 룸타입 디럭스(올인원PC) (55,000원~), 룸타입 늦은퇴실 도보전용(주차불가) (55,000원~), 룸타입 VIP (60,000원~), 룸타입 게이밍 (60,000원~), 룸타입 빠른입실 도보전용(주차불가) (65,000원~), 룸타입 늦은퇴실 (65,000원~), 룸타입 빠른입실 (70,000원~), 룸타입 스탠다드-연박전용 (70,000원~)"
스위스여관,서울 강동구 올림픽로98길 42,0.0,
리즈모텔,서울 동대문구 전농로 83,0.0,
문스테이,서울 강동구 상암로5길 28 101호,0.0,
서울앤호텔 동대문,서울 종로구 종로66가길 21,3.3,"룸타입 Standard - 트윈(트윈) (43,950원~), 룸타입 Deluxe - 트윈(트윈) (44,880원~), 룸타입 Standard(더블) (48,750원~), 룸타입 Family(트리플) (51,770원~), 룸타입 Deluxe(트리플) (63,960원~)"
호텔부티크나인,서울 동대문구 왕산로 28,2.7,"룸타입 디럭스(넷플릭스 시청가능) (83,700원~), 룸타입 커스터마이즈드 스위트(트윈 객실 필요시 프론트 문의 부탁드립니다./넷플릭스 시청가능) (94,700원~), 룸타입 다트룸(넷플릭스 시청가능/복층 구조) (200,000원~)"
K하이스텔 장안174,"서울 동대문구 한천로 174 2,3층",0.0,
강동그린웨이 가족캠핑장,서울 강동구 천호대로206길 87 일자산자연공원,4.1,
호텔스타,서울 강남구 선릉로92길 8,1.6,"룸타입 Standard 도보전용 (50,000원~), 룸타입 Standard A (55,000원~), 룸타입 Standard B (70,000원~)"
서울의휴일게스트하우스,서울 강남구 도곡로69길 40 2층,4.0,
노보텔 앰배서더 서울동대문호텔&레지던스,서울 중구 을지로 238,3.8,"룸타입 스탠다드 더블★ (242,000원~), 룸타입 슈페리어 더블★ (286,110원~), 룸타입 레지던스 스튜디오★ (306,900원~), 룸타입 스탠다드 더블★ (308,000원~), 룸타입 슈페리어 트윈★ (317,900원~), 룸타입 슈페리어 트윈★ (394,900원~), 룸타입 슈페리어 트윈★ (394,900원~), 룸타입 레지던스 디럭스 더블★ (383,900원~), 룸타입 레지던스 디럭스 더블★ (460,900원~), 룸타입 레지던스 디럭스 더블★ (543,400원~)"
31페이지,서울 동대문구 왕산로 238-1 1층,2.6,
오클라우드호텔 강남,서울 서초구 사평대로58길 12,3.0,
녹스부띠끄호텔,서울 강남구 테헤란로37길 13-13,3.4,"룸타입 스탠다드A(넷플릭스 시청가능) (60,000원~), 룸타입 디럭스A(넷플릭스 시청가능) (70,000원~), 룸타입 프리미엄A(넷플릭스 시청가능) (90,000원~), 룸타입 연박전용 / 차량불가(넷플릭스 시청가능 / 랜덤배정) (90,000원~), 룸타입 스위트룸 단층(노래방이용가능,빔프로젝터,넷플릭스 시청가능) (250,000원~), 룸타입 로얄스위트룸 복층(노래방이용가능,당구,빔프로젝트,넷플릭스 시청가능) (300,000원~), 룸타입 로얄스위트룸 수영장(노래방이용가능,건식사우나,빔프로젝터,넷플릭스 시청가능) (400,000원~)"
호텔하이랜드,서울 강남구 도산대로 166,1.6,"룸타입 스탠다드 - 도보전용 (64,000원~), 룸타입 디럭스 더블 (75,000원~), 룸타입 디럭스 트윈 (75,000원~), 룸타입 디럭스 트윈 - 도보전용 (75,000원~), 룸타입 디럭스 더블 - 도보전용 (75,000원~), 룸타입 패밀리 트윈 (85,000원~), 룸타입 패밀리 트윈 - 도보전용 (85,000원~), 룸타입 럭셔리 (95,000원~), 룸타입 럭셔리 - 도보전용 (95,000원~), 룸타입 연박 전용(랜덤 배정) (110,000원~)"
호텔마리,서울 강남구 언주로87길 10,3.8,"룸타입 Standard (80,000원~), 룸타입 Suite (100,000원~)"
그랜드 하얏트 서울,서울 용산구 소월로 322,3.8,
굿스테이원룸텔,서울 강남구 테헤란로77길 11-13,0.0,
카파쓰 관광호텔,서울 강남구 언주로89길 21,2.0,"룸타입 Classic(도보전용/주차불가,랜덤배정,연박불가) (99,040원~)"
CF모텔,서울 강남구 언주로85길 10,3.3,"룸타입 STANDARD - 일반실(도보전용/랜덤배정) (78,400원~), 룸타입 STANDARD - 일반실(랜덤배정/넷플릭스-본인계정) (89,600원~), 룸타입 DELUXE - 준특실(랜덤배정/넷플릭스-본인계정) (100,800원~), 룸타입 Premium - 프리미엄 (112,000원~)"
바레,서울 강남구 테헤란로34길 9,2.7,"룸타입 Standard 도보전용(주차불가/랜덤배정,넷플릭스 시청가능,23.12 매트리스 교체) (60,000원~), 룸타입 Standard 주차가능 (스포츠카,대형SUV)(대형 승용차,트럭 주차불가, 넷플릭스 시청가능,23.12 매트리스 교체) (70,000원~), 룸타입 Deluxe 도보전용(주차불가/넷플릭스 시청가능,23.12 매트리스 교체) (70,000원~), 룸타입 Deluxe 주차가능 (스포츠카,대형SUV)(대형 승용차,트럭 주차불가, 넷플릭스 시청가능,23.12 매트리스 교체) (80,000원~), 룸타입 VIP (스포츠카,대형SUV,트럭 주차 불가)(넷플릭스 시청가능,23.12 매트리스 교체) (120,000원~)"
XYM 프리미어,서울 강남구 테헤란로28길 3-12,3.6,"룸타입 Deluxe 도보전용 (66,980원~), 룸타입 Premium(주차제한차량 SUV,럭셔리 세단,박스카,튜닝카,스포츠카) (89,380원~), 룸타입 Suite 도보전용 (111,780원~), 룸타입 Suite (134,180원~), 룸타입 Royal Suite (178,980원~)"
토요코인호텔 서울강남점,서울 서초구 강남대로 323,4.1,
호텔스타,서울 강남구 논현로87길 17,3.1,
루미아호텔 종로,서울 종로구 난계로29길 19-11,4.6,
저스트스테이호텔 왕십리역점,서울 성동구 왕십리로22길 12-1,3.5,
라마다바이윈덤 서울동대문,서울 중구 동호로 354,3.5,
호텔예스,서울 강남구 언주로87길 23,3.3,"룸타입 일반실(저층,1PC,오버워치 넷플릭스&웨이브 이용가능) (55,000원~), 룸타입 일반실(1PC,오버워치 넷플릭스&웨이브 이용가능) (60,000원~), 룸타입 특실A(저층,커플PC, 배틀그라운드&넷플릭스&웨이브 이용가능,최고급 게이밍의자) (65,000원~), 룸타입 특실 B(커플PC, 배틀그라운드&넷플릭스&웨이브 이용가능,최고급 게이밍의자) (70,000원~), 룸타입 VIP실(커플PC, 배틀그라운드&넷플릭스 ,웨이브 이용가능,최고급 게이밍의자) (75,000원~)"
렉시호텔,서울 강남구 테헤란로16길 11,2.6,"룸타입 Standard(넷플릭스&웨이브 무료시청가능) (55,000원~), 룸타입 Deluxe(넷플릭스&웨이브 무료시청가능) (65,000원~), 룸타입 Twin(Double + Single,넷플릭스&웨이브 무료시청가능) (75,000원~), 룸타입 VIP(Double + Single,넷플릭스&웨이브 무료시청가능) (130,000원~)"
호텔린,서울 강남구 언주로87길 50,1.9,"룸타입 Standard (도보전용)(넷플릭스및 모든OTT이용가능/전객실욕조/공기청정기) (49,700원~), 룸타입 1PC룸 - 도보전용(노하드/GTX1060/165HZ모니터/넷플릭스및모든OTT/욕조/공기청정기) (54,700원~), 룸타입 Deluxe A(넷플릭스및 모든OTT이용가능/전객실욕조/공기청정기) (59,700원~), 룸타입 풀옵2PC룸(노하드/RTX2060/165HZ모니터/넷플릭스및모든OTT/욕조/공기청정기) (64,700원~), 룸타입 하이앤드2PC룸(노하드/RTX3060/165HZ모니터/넷플릭스및모든OTT/욕조/공기청정기) (69,700원~), 룸타입 VIP SUITE(노하드/GTX1060 2PC/넷플릭스및모든OTT/응접실/스파욕조/공청기) (74,700원~), 룸타입 Deluxe B(넷플릭스및 모든OTT이용가능/전객실욕조/공기청정기) (90,000원~), 룸타입 VIP TWIN SUITE(노하드/2PC/넷플릭스및모든OTT/응접실/스파욕조/공기청정기) (100,000원~), 룸타입 SUITE EVENT ROOM(노래방/노하드/RTX3060 2PC/OTT/블루투스사운드/스파욕조/공청기) (120,000원~), 룸타입 KING EVENT ROOM(노래방/노하드/GTX1060 2PC/고급바/블루투스사운드/스파욕조/공청기) (140,000원~)"
호텔벤,서울 강남구 언주로87길 41,3.5,"룸타입 슈페리어(도보전용) (60,000원~), 룸타입 슈페리어 One OrdinaryDay (70,000원~), 룸타입 디럭스 A Refresh Day (80,000원~), 룸타입 Glamorous Room (90,000원~), 룸타입 Sitting (100,000원~), 룸타입 Twin Room (110,000원~), 룸타입 빠른입실 슈페리어 (120,000원~), 룸타입 빠른입실 디럭스 (130,000원~)"
호텔야자 강남논현점,서울 강남구 봉은사로37길 6,3.0,"룸타입 미니 (60,000원~), 룸타입 No Smoking(스텐다드) (70,000원~), 룸타입 스탠다드 (70,000원~), 룸타입 프리미엄 (100,000원~), 룸타입 연박전용 (115,000원~), 룸타입 VIP (120,000원~)"
서울인호텔바이더디자이너스,서울 강남구 테헤란로28길 3-4,5.0,
부티크호텔XYM,서울 송파구 송이로 104,3.3,"룸타입 Standard (70,000원~), 룸타입 Deluxe (80,000원~), 룸타입 Deluxe 테라스 (90,000원~), 룸타입 Family Twin (110,000원~), 룸타입 Family Twin 테라스 (120,000원~)"
캘리포니아관광호텔,서울 송파구 송파대로28길 11,2.3,"룸타입 스탠다드 (60,000원~), 룸타입 디럭스 (80,000원~), 룸타입 로얄스위트(파티룸, 복층) (150,000원~)"
호텔올인,서울 강남구 학동로53길 3-4,0.0,
현대모텔,서울 성동구 무학봉22길 10,3.8,"룸타입 스탠다드(넷플릭스 시청가능) (35,000원~), 룸타입 디럭스(1PC, 게임룸, 롤/배틀 그라운드 가능, 스파 욕조, 넷플릭스) (45,000원~)"
티롤관광호텔,서울 서초구 나루터로 64,3.9,
리츠호텔,서울 강남구 도산대로1길 61,4.2,
서울신라호텔,서울 중구 동호로 249,4.5,"룸타입 디럭스 더블 (435,600원~), 룸타입 디럭스 트윈 (435,600원~), 룸타입 디럭스 더블 (440,000원~), 룸타입 디럭스 트윈 (440,000원~), 룸타입 비즈니스 디럭스 더블 (476,300원~), 룸타입 비즈니스 디럭스 더블 (596,299원~), 룸타입 비즈니스 디럭스 트윈 (476,300원~), 룸타입 비즈니스 디럭스 트윈 (596,299원~), 룸타입 그랜드 코너 디럭스 (512,600원~), 룸타입 그랜드 코너 디럭스 (632,599원~), 룸타입 이그제큐티브 비즈니스 디럭스 더블 (665,500원~), 룸타입 이그제큐티브 비즈니스 디럭스 트윈 (665,500원~), 룸타입 이그제큐티브 그랜드 디럭스 더블 (726,000원~)"
라코지스테이,서울 중랑구 망우로 232,4.3,
